word	count	pct	proper	loose_key
cap	1070	1.085	False	cap
lib	841	0.853	False	lib
pag	528	0.536	False	pag
anno	414	0.42	False	ann
ejus	344	0.349	False	ej
ecclesiae	280	0.284	False	ecclesi
dei	269	0.273	True	de
christi	258	0.262	True	christ
libro	209	0.212	False	libr
cujus	208	0.211	False	cuj
tempore	199	0.202	False	tempor
annum	190	0.193	False	ann
vita	188	0.191	False	vit
ann	185	0.188	False	ann
britannia	184	0.187	True	britanni
britanniam	177	0.18	True	britanni
johannes	173	0.175	True	johann
hist	170	0.172	False	hist
ecclesia	153	0.155	False	ecclesi
britanniae	146	0.148	True	britanni
tom	146	0.148	False	to
nomine	146	0.148	False	nomin
inquit	145	0.147	False	inquit
regis	145	0.147	False	reg
nos	139	0.141	False	n
aliis	131	0.133	False	ali
epistola	131	0.133	False	epistol
fidem	129	0.131	False	fid
nomen	127	0.129	False	nomen
ibid	125	0.127	False	ibid
nobis	125	0.127	False	nob
histor	124	0.126	False	histor
domini	122	0.124	True	domin
omnes	120	0.122	False	omn
dicitur	118	0.12	False	dicitur
vid	115	0.117	False	vid
hujus	115	0.117	False	huj
epist	113	0.115	False	epist
solum	112	0.114	False	sol
ibi	112	0.114	False	ib
ver	111	0.113	False	ver
edit	111	0.113	False	edit
episcopus	111	0.113	False	episcop
postea	110	0.112	False	poste
chronico	109	0.111	False	chronic
gratia	109	0.111	False	grati
rege	107	0.109	False	reg
gratiae	107	0.109	False	grati
loco	105	0.107	False	loc
rex	104	0.106	False	rex
ecclesiam	104	0.106	False	ecclesi
suae	103	0.104	False	su
sec	103	0.104	False	sec
quid	103	0.104	False	quid
sancti	102	0.103	False	sanct
historia	102	0.103	False	histori
anglorum	102	0.103	True	angl
temporibus	101	0.102	False	tempor
illis	100	0.101	False	ill
sicut	100	0.101	False	sicut
omnibus	99	0.1	False	omn
regem	99	0.1	False	reg
deo	96	0.097	True	de
alii	95	0.096	False	ali
capite	93	0.094	False	capit
potius	93	0.094	False	poti
britonum	92	0.093	True	briton
albani	90	0.091	True	alban
verum	89	0.09	False	v
augustini	88	0.089	True	augustin
episcopum	88	0.089	False	episcop
tantum	88	0.089	False	tant
adversus	87	0.088	False	advers
nihil	87	0.088	False	nihil
me	86	0.087	False	m
augustin	86	0.087	True	augustin
annos	85	0.086	False	ann
episcopi	85	0.086	False	episcop
anni	84	0.085	False	ann
fidei	82	0.083	False	fide
ait	82	0.083	False	ait
regni	82	0.083	False	regn
te	81	0.082	False	t
beda	81	0.082	True	bed
gratiam	79	0.08	False	grati
parte	78	0.079	False	part
ibidem	77	0.078	False	ibid
scribit	76	0.077	False	scribit
historiae	76	0.077	False	histori
augustinus	76	0.077	True	augustin
totius	75	0.076	False	toti
gestis	75	0.076	False	gest
verba	73	0.074	False	verb
regnum	73	0.074	False	regn
omnia	72	0.073	False	omni
alia	72	0.073	False	ali
chronic	71	0.072	False	chronic
legimus	71	0.072	False	legim
insula	71	0.072	False	insul
literis	71	0.072	False	liter
potest	71	0.072	False	potest
sanctorum	71	0.072	False	sanct
posse	71	0.072	False	poss
prius	70	0.071	False	pri
pelagium	70	0.071	True	pelag
locum	69	0.07	False	loc
factum	68	0.069	False	fact
jo	68	0.069	True	j
omnium	68	0.069	False	omn
peccato	67	0.068	False	peccat
britannorum	66	0.067	True	britann
ms	66	0.067	True	m
ego	66	0.067	False	eg
vitae	65	0.066	False	vit
pelagii	65	0.066	True	pelagi
librum	64	0.065	False	libr
op	63	0.064	False	op
episcopos	63	0.064	False	episcop
baron	63	0.064	True	baron
saxonum	63	0.064	True	saxon
secundo	62	0.063	False	secund
scripta	62	0.063	False	script
refert	62	0.063	False	refert
matthaeus	62	0.063	True	matthae
vitam	60	0.061	False	vit
videlicet	60	0.061	False	videlicet
hodie	60	0.061	False	hodi
regno	60	0.061	False	regn
verbis	60	0.061	False	verb
pelagius	60	0.061	True	pelagi
christo	59	0.06	True	christ
habetur	59	0.06	False	habetur
quis	59	0.06	False	qu
episcoporum	59	0.06	False	episcop
haeresim	59	0.06	False	haeresi
concilio	58	0.059	False	concili
adventum	57	0.058	False	advent
britannis	57	0.058	True	britann
deus	57	0.058	True	de
omni	57	0.058	False	omn
urbe	57	0.058	False	urb
fide	57	0.058	False	fid
lucius	57	0.058	True	luci
saxones	57	0.058	True	saxon
tempus	56	0.057	False	temp
author	56	0.057	False	author
scripsit	56	0.057	False	scripsit
annis	56	0.057	False	ann
domino	56	0.057	True	domin
urbis	56	0.057	False	urb
lucium	56	0.057	True	luc
constantini	56	0.057	True	constantin
episcopo	55	0.056	False	episcop
die	55	0.056	False	di
germani	55	0.056	True	german
opus	55	0.056	False	op
insulam	54	0.055	False	insul
libris	54	0.055	False	libr
bed	54	0.055	False	bed
iterum	53	0.054	False	it
filium	53	0.054	False	fil
lucii	53	0.054	True	luci
habet	53	0.054	False	habet
simul	53	0.054	False	simul
sanctus	53	0.054	False	sanct
libri	53	0.054	False	libr
hominem	53	0.054	False	homin
prosper	53	0.054	True	prosper
gildas	52	0.053	True	gild
bibliotheca	52	0.053	False	bibliothec
mihi	52	0.053	False	mih
magna	52	0.053	False	magn
videtur	52	0.053	False	videtur
guilielmus	52	0.053	True	guilielm
augustino	52	0.053	True	augustin
urbem	52	0.053	False	urb
cair	52	0.053	True	cair
christum	51	0.052	True	christ
secutus	51	0.052	False	secut
asserit	51	0.052	False	asserit
legitur	51	0.052	False	legitur
duodecim	51	0.052	False	duodeci
multis	51	0.052	False	mult
omnino	51	0.052	False	omnin
primus	51	0.052	False	prim
septem	50	0.051	False	sept
addit	50	0.051	False	addit
malmesburiensis	50	0.051	True	malmesburiens
re	50	0.051	False	r
sententia	49	0.05	False	sententi
libello	49	0.05	False	libell
martyris	49	0.05	False	martyr
papa	49	0.05	False	pap
supr	49	0.05	False	supr
praeter	49	0.05	False	praeter
galfridus	49	0.05	True	galfrid
sententiam	49	0.05	False	sententi
britannos	48	0.049	True	britann
part	48	0.049	False	part
ipsis	48	0.049	False	ips
romae	48	0.049	True	rom
epistolam	48	0.049	False	epistol
narrat	48	0.049	False	narrat
constantinum	48	0.049	True	constantin
deum	47	0.048	True	de
peccatum	47	0.048	False	peccat
viri	46	0.047	False	vir
numero	46	0.047	False	numer
al	46	0.047	False	al
multa	46	0.047	False	mult
facta	46	0.047	False	fact
tandem	46	0.047	False	tand
centur	46	0.047	False	centur
honore	46	0.047	False	honor
glastoniensis	46	0.047	True	glastoniens
lucio	46	0.047	True	luci
paulo	45	0.046	False	paul
sancto	45	0.046	False	sanct
filio	45	0.046	False	fili
monemuthensis	45	0.046	True	monemuthens
monachus	44	0.045	False	monach
angliae	44	0.045	True	angli
pater	44	0.045	False	pater
vir	44	0.045	False	vir
concil	44	0.045	False	concil
sedem	44	0.045	False	sed
verbum	43	0.044	False	verb
hominum	43	0.044	False	homin
aliud	43	0.044	False	aliud
partem	43	0.044	False	part
vit	43	0.044	False	vit
synodo	43	0.044	False	synod
episcopis	43	0.044	False	episcop
augustinum	43	0.044	True	augustin
haeresis	43	0.044	False	haeres
operis	42	0.043	False	oper
duobus	42	0.043	False	duob
mariae	42	0.043	True	mari
quondam	42	0.043	False	quond
rerum	42	0.043	False	r
scriptis	42	0.043	False	script
britannica	42	0.043	True	britannic
fol	42	0.043	False	fol
totam	42	0.043	False	tot
suos	41	0.042	False	su
dicit	41	0.042	False	dicit
locis	41	0.042	False	loc
meminit	41	0.042	False	meminit
monachorum	41	0.042	False	monach
honorem	41	0.042	False	honor
doctrina	41	0.042	False	doctrin
arbitrio	41	0.042	False	arbitri
galfrid	41	0.042	False	galfrid
mortem	40	0.041	False	mort
ecclesias	40	0.041	False	ecclesi
possit	40	0.041	False	possit
annalibus	40	0.041	False	annal
britan	40	0.041	False	britan
libros	40	0.041	False	libr
celestius	40	0.041	True	celesti
hieronymus	39	0.04	True	hieronym
anglia	39	0.04	True	angli
appellat	39	0.04	False	appellat
filius	39	0.04	False	fili
dominus	39	0.04	True	domin
quarto	39	0.04	False	quart
papae	39	0.04	False	pap
civitate	39	0.04	False	civitat
dictum	39	0.04	False	dict
gest	39	0.04	False	gest
judicio	39	0.04	False	judici
camden	38	0.039	True	camden
gildae	38	0.039	True	gild
romano	38	0.039	True	roman
affirmat	38	0.039	False	affirmat
baronius	38	0.039	True	baroni
bedae	38	0.039	True	bed
ecclesiast	38	0.039	False	ecclesiast
petri	38	0.039	True	petr
bene	38	0.039	False	ben
sanctum	38	0.039	False	sanct
constat	38	0.039	False	constat
judicium	38	0.039	False	judic
romanorum	38	0.039	True	roman
natum	38	0.039	False	nat
patria	38	0.039	False	patri
fausti	38	0.039	True	faust
mare	37	0.038	False	mar
tempora	37	0.038	False	tempor
tertio	37	0.038	False	terti
epistolae	37	0.038	False	epistol
johan	37	0.038	True	johan
diem	37	0.038	False	di
ecclesiis	37	0.038	False	ecclesi
dicta	37	0.038	False	dict
temporis	37	0.038	False	tempor
ratione	37	0.038	False	ration
sanctae	37	0.038	False	sanct
balaeus	37	0.038	True	balae
errorem	37	0.038	False	error
octo	37	0.038	False	oct
legionum	37	0.038	False	legion
civitatis	37	0.038	False	civitat
synodi	37	0.038	False	synod
britann	36	0.037	False	britann
romanis	36	0.037	True	roman
beati	36	0.037	False	beat
demum	36	0.037	False	dem
eccles	36	0.037	False	eccl
imperii	36	0.037	False	imperi
nominis	36	0.037	False	nomin
finem	36	0.037	False	fin
quinto	36	0.037	False	quint
opere	36	0.037	False	oper
monasterii	36	0.037	False	monasteri
initio	36	0.037	False	initi
scriptor	36	0.037	False	scriptor
tua	36	0.037	False	tu
abbas	36	0.037	False	abb
caput	35	0.036	False	caput
homines	35	0.036	False	homin
romani	35	0.036	True	roman
christianae	35	0.036	True	christian
catalogo	35	0.036	False	catalog
viginti	35	0.036	False	vigint
prima	35	0.036	False	prim
quinque	35	0.036	False	quin
imperatoris	35	0.036	False	imperator
arthuri	35	0.036	True	arthur
lingua	35	0.036	False	lingu
fides	35	0.036	False	fid
duos	35	0.036	False	du
britones	35	0.036	True	briton
tibi	35	0.036	False	tib
britanni	34	0.034	True	britann
res	34	0.034	False	r
alios	34	0.034	False	ali
rem	34	0.034	False	r
johannis	34	0.034	True	johann
certe	34	0.034	False	cert
multo	34	0.034	False	mult
opera	34	0.034	False	oper
diximus	34	0.034	False	dixim
quantum	34	0.034	False	quant
at	34	0.034	False	at
cambriae	34	0.034	True	cambri
sedes	34	0.034	False	sed
constantius	34	0.034	True	constanti
celestium	34	0.034	True	celest
germanum	34	0.034	True	german
insulae	33	0.033	False	insul
tot	33	0.033	False	tot
alibi	33	0.033	False	alib
fine	33	0.033	False	fin
uno	33	0.033	False	un
misit	33	0.033	False	misit
habere	33	0.033	False	haber
fratres	33	0.033	False	fratr
filii	33	0.033	False	fili
giraldus	33	0.033	True	girald
dicere	33	0.033	False	dicer
hominis	33	0.033	False	homin
libero	33	0.033	False	liber
corpus	32	0.032	False	corp
facit	32	0.032	False	facit
factus	32	0.032	False	fact
aliquando	32	0.032	False	aliquand
tribus	32	0.032	False	tr
plures	32	0.032	False	plur
johanne	32	0.032	True	johann
monachi	32	0.032	False	monach
tinmuthensis	32	0.032	True	tinmuthens
quatuor	32	0.032	False	quatuor
florilegus	32	0.032	True	florileg
provincia	31	0.031	False	provinci
gentes	31	0.031	False	gent
homo	31	0.031	False	hom
retulit	31	0.031	False	retulit
sanctis	31	0.031	False	sanct
scriptum	31	0.031	False	script
vetus	31	0.031	False	vet
triginta	31	0.031	False	trigint
petrus	31	0.031	True	petr
thomas	31	0.031	True	thom
multum	31	0.031	False	mult
patricii	31	0.031	True	patrici
archiepiscopus	31	0.031	False	archiepiscop
virum	31	0.031	False	vir
annales	31	0.031	False	annal
literas	31	0.031	False	liter
celestii	31	0.031	True	celesti
quemadmodum	30	0.03	False	quemadmod
apostoli	30	0.03	False	apostol
magni	30	0.03	False	magn
causa	30	0.03	False	caus
incarnatione	30	0.03	False	incarnation
gentis	30	0.03	False	gent
decimo	30	0.03	False	decim
vocatur	30	0.03	False	vocatur
tabula	30	0.03	False	tabul
caeteris	30	0.03	False	caeter
venit	30	0.03	False	venit
historiam	30	0.03	False	histori
nunquam	30	0.03	False	nunqu
quomodo	30	0.03	False	quomod
toto	30	0.03	False	tot
notat	30	0.03	False	notat
tuae	30	0.03	False	tu
galliae	30	0.03	True	galli
pelagio	30	0.03	True	pelagi
arbitrium	30	0.03	False	arbitr
primi	29	0.029	False	prim
absque	29	0.029	False	ab
literae	29	0.029	False	liter
annorum	29	0.029	False	ann
lucem	29	0.029	False	luc
sancta	29	0.029	False	sanct
confirmat	29	0.029	False	confirmat
sermone	29	0.029	False	sermon
discipulis	29	0.029	False	discipul
eandem	29	0.029	False	eand
testatur	29	0.029	False	testatur
joseph	29	0.029	True	joseph
appellatur	29	0.029	False	appellatur
dedit	29	0.029	False	dedit
forte	29	0.029	False	fort
dogma	29	0.029	False	dogm
extitisse	29	0.029	False	extitiss
centum	29	0.029	False	cent
bonum	29	0.029	False	bon
male	29	0.029	False	mal
wintoniensis	29	0.029	True	wintoniens
rei	29	0.029	False	re
sede	29	0.029	False	sed
patriam	29	0.029	False	patri
vos	29	0.029	False	v
germano	29	0.029	True	german
ideo	29	0.029	False	ide
pelagiana	29	0.029	True	pelagian
arbitrii	29	0.029	False	arbitri
liberum	29	0.029	False	lib
testimonium	28	0.028	False	testimon
terra	28	0.028	False	terr
dies	28	0.028	False	di
romanae	28	0.028	True	roman
partes	28	0.028	False	part
nomina	28	0.028	False	nomin
consulatum	28	0.028	False	consulat
locus	28	0.028	False	loc
gente	28	0.028	False	gent
roma	28	0.028	True	rom
nostris	28	0.028	False	nostr
facile	28	0.028	False	facil
britannicae	28	0.028	True	britannic
scripsisse	28	0.028	False	scripsiss
scriptorum	28	0.028	False	script
alius	28	0.028	False	ali
anglis	28	0.028	True	angl
loci	28	0.028	False	loc
henricus	28	0.028	True	henric
nostrum	28	0.028	False	nostr
scotor	28	0.028	False	scotor
initium	28	0.028	False	init
pars	28	0.028	False	par
provinciae	28	0.028	False	provinci
sedis	28	0.028	False	sed
fecit	28	0.028	False	fecit
david	28	0.028	True	david
catholicae	28	0.028	True	catholic
tu	28	0.028	False	tu
christianam	27	0.027	True	christian
terrae	27	0.027	False	terr
christianorum	27	0.027	True	christian
illic	27	0.027	False	illic
totum	27	0.027	False	tot
orbem	27	0.027	False	orb
rebus	27	0.027	False	reb
diu	27	0.027	False	diu
martyrologio	27	0.027	False	martyrologi
guil	27	0.027	True	guil
oriente	27	0.027	False	orient
partibus	27	0.027	False	part
angliam	27	0.027	True	angli
videatur	27	0.027	False	videatur
quanquam	27	0.027	False	quanqu
reges	27	0.027	False	reg
virginis	27	0.027	False	virgin
maximo	27	0.027	False	maxim
henrico	27	0.027	True	henric
fieri	27	0.027	False	fier
hisce	27	0.027	False	hisc
romanum	27	0.027	True	roman
maxime	27	0.027	False	maxim
manu	27	0.027	False	manu
archiepiscopum	27	0.027	False	archiepiscop
facere	27	0.027	False	facer
pelagianam	27	0.027	True	pelagian
germanus	27	0.027	True	german
amphibali	27	0.027	True	amphibal
julian	27	0.027	True	julian
causam	27	0.027	False	caus
faustum	27	0.027	True	faust
pelag	26	0.026	True	pelag
orbis	26	0.026	False	orb
millia	26	0.026	False	milli
veritatis	26	0.026	False	veritat
romam	26	0.026	True	rom
hujusmodi	26	0.026	False	hujusmod
nemo	26	0.026	False	nem
nondum	26	0.026	False	nond
antiquitate	26	0.026	False	antiquitat
modum	26	0.026	False	mod
legenda	26	0.026	False	legend
regum	26	0.026	False	reg
ambrosii	26	0.026	True	ambrosi
memoriae	26	0.026	False	memori
concilii	26	0.026	False	concili
monasterium	26	0.026	False	monaster
imperium	26	0.026	False	imper
suas	26	0.026	False	su
major	26	0.026	False	major
fuerint	26	0.026	False	fuerint
constantio	26	0.026	True	constanti
merito	26	0.026	False	merit
hominibus	25	0.025	False	homin
diocletiani	25	0.025	True	diocletian
mundi	25	0.025	False	mund
britannico	25	0.025	True	britannic
menevensis	25	0.025	True	menevens
paris	25	0.025	True	par
prorsus	25	0.025	False	prors
patrem	25	0.025	False	patr
col	25	0.025	False	col
mentio	25	0.025	False	menti
venerunt	25	0.025	False	venerunt
mss	25	0.025	True	ms
alterum	25	0.025	False	alt
habuit	25	0.025	False	habuit
altera	25	0.025	False	alter
camdenus	25	0.025	True	camden
doctores	25	0.025	False	doctor
quodam	25	0.025	False	quod
pelagianos	25	0.025	True	pelagian
evangelium	24	0.024	False	evangel
authorem	24	0.024	False	author
omne	24	0.024	False	omn
patriae	24	0.024	False	patri
imperio	24	0.024	False	imperi
medio	24	0.024	False	medi
martyrium	24	0.024	False	martyr
beatus	24	0.024	False	beat
errore	24	0.024	False	error
loca	24	0.024	False	loc
dominicae	24	0.024	True	dominic
nova	24	0.024	False	nov
dignitate	24	0.024	False	dignitat
monasterio	24	0.024	False	monasteri
gallia	24	0.024	True	galli
magno	24	0.024	False	magn
decem	24	0.024	False	dec
secum	24	0.024	False	sec
par	24	0.024	False	par
mille	24	0.024	False	mill
gesta	24	0.024	False	gest
statim	24	0.024	False	stati
memoriam	24	0.024	False	memori
matth	24	0.024	True	matth
nostro	24	0.024	False	nostr
ninius	24	0.024	True	nini
alio	24	0.024	False	ali
imo	24	0.024	False	im
catholica	24	0.024	True	catholic
fuerant	24	0.024	False	fuerant
imperator	24	0.024	False	imperator
abbate	24	0.024	False	abbat
erroris	24	0.024	False	error
auxilium	24	0.024	False	auxil
pelagianae	24	0.024	True	pelagian
religionem	23	0.023	False	religion
genus	23	0.023	False	gen
more	23	0.023	False	mor
populi	23	0.023	False	popul
natura	23	0.023	False	natur
authores	23	0.023	False	author
primam	23	0.023	False	prim
etsi	23	0.023	False	ets
henrici	23	0.023	True	henric
abbatem	23	0.023	False	abbat
vulgo	23	0.023	False	vulg
coenobium	23	0.023	False	coenob
tanta	23	0.023	False	tant
britannici	23	0.023	True	britannic
imperatorem	23	0.023	False	imperator
gilda	23	0.023	True	gild
diebus	23	0.023	False	dieb
testimonio	23	0.023	False	testimoni
civitatem	23	0.023	False	civitat
viris	23	0.023	False	vir
aliquid	23	0.023	False	aliquid
oros	23	0.023	False	or
recte	23	0.023	False	rect
presbyter	23	0.023	False	presbyter
nimirum	23	0.023	False	nimir
saxonibus	23	0.023	True	saxon
vobis	23	0.023	False	vob
helenae	23	0.023	True	helen
hieronym	23	0.023	True	hierony
prospero	23	0.023	True	prosper
palaestin	23	0.023	True	palaestin
ecclesiarum	22	0.022	False	eccles
populo	22	0.022	False	popul
patrum	22	0.022	False	patr
apostolorum	22	0.022	False	apostol
miraculis	22	0.022	False	miracul
praefatione	22	0.022	False	praefation
dixit	22	0.022	False	dixit
editum	22	0.022	False	edit
martyrolog	22	0.022	False	martyrolog
dominum	22	0.022	True	domin
aliorum	22	0.022	False	al
docet	22	0.022	False	docet
fortasse	22	0.022	False	fortass
pluribus	22	0.022	False	plur
sociis	22	0.022	False	soci
respondit	22	0.022	False	respondit
actis	22	0.022	False	act
utrumque	22	0.022	False	utr
chronicon	22	0.022	False	chronicon
sex	22	0.022	False	sex
annalium	22	0.022	False	annal
aurelii	22	0.022	True	aureli
accepit	22	0.022	False	accepit
invenimus	22	0.022	False	invenim
patres	22	0.022	False	patr
salutem	22	0.022	False	salut
iisdem	22	0.022	False	iisd
radulphus	22	0.022	True	radulph
scotorum	22	0.022	True	scot
romana	22	0.022	True	roman
amplius	22	0.022	False	ampli
fluvium	22	0.022	False	fluv
haud	22	0.022	False	haud
constantino	22	0.022	True	constantin
davidis	22	0.022	True	david
arelatensi	22	0.022	True	arelatens
pariter	22	0.022	False	pariter
albanus	22	0.022	True	alban
innocentium	22	0.022	True	innocent
synodus	22	0.022	False	synod
prosp	22	0.022	False	prosp
petro	21	0.021	True	petr
indicat	21	0.021	False	indicat
passionem	21	0.021	False	passion
doctrinae	21	0.021	False	doctrin
loquitur	21	0.021	False	loquitur
sola	21	0.021	False	sol
hibernia	21	0.021	True	hiberni
significat	21	0.021	False	significat
annal	21	0.021	False	annal
novem	21	0.021	False	nov
invenio	21	0.021	False	inveni
pauli	21	0.021	True	paul
quendam	21	0.021	False	quend
liber	21	0.021	False	liber
antiquis	21	0.021	False	antiqu
arimathia	21	0.021	True	arimathi
beatae	21	0.021	False	beat
tomo	21	0.021	False	tom
alium	21	0.021	False	al
ult	21	0.021	False	ult
coenobii	21	0.021	False	coenobi
religionis	21	0.021	False	religion
istos	21	0.021	False	ist
unquam	21	0.021	False	unqu
authoritate	21	0.021	False	authoritat
dixi	21	0.021	False	dix
bibliothec	21	0.021	False	bibliothec
regnante	21	0.021	False	regnant
calendas	21	0.021	True	calend
pace	21	0.021	False	pac
necesse	21	0.021	False	necess
sexto	21	0.021	False	sext
descript	21	0.021	False	descript
petr	21	0.021	True	petr
roman	21	0.021	True	roman
aurelius	21	0.021	True	aureli
aurelio	21	0.021	True	aureli
episcopatus	21	0.021	False	episcopat
dubricii	21	0.021	True	dubrici
edito	21	0.021	False	edit
divinae	21	0.021	False	divin
girald	21	0.021	False	girald
saltem	21	0.021	False	salt
sita	21	0.021	False	sit
ostendit	21	0.021	False	ostendit
naturae	21	0.021	False	natur
constantinus	21	0.021	True	constantin
dogmatis	21	0.021	False	dogmat
faustus	21	0.021	True	faust
gentium	20	0.02	False	gent
unius	20	0.02	False	uni
terram	20	0.02	False	terr
gentibus	20	0.02	False	gent
possunt	20	0.02	False	possunt
divina	20	0.02	False	divin
millibus	20	0.02	False	mill
cunctis	20	0.02	False	cunct
semel	20	0.02	False	semel
sane	20	0.02	False	san
memoria	20	0.02	False	memori
martyrum	20	0.02	False	martyr
praecipue	20	0.02	False	praecipu
paulus	20	0.02	True	paul
orbe	20	0.02	False	orb
francorum	20	0.02	True	franc
unam	20	0.02	False	un
certum	20	0.02	False	cert
fama	20	0.02	False	fam
josephi	20	0.02	True	joseph
isti	20	0.02	False	ist
vincent	20	0.02	False	vincent
septimo	20	0.02	False	septim
cantabrigiae	20	0.02	True	cantabrigi
christiana	20	0.02	True	christian
suscepit	20	0.02	False	suscepit
colon	20	0.02	False	colon
vide	20	0.02	False	vid
vi	20	0.02	True	v
presbyteri	20	0.02	False	presbyter
consulibus	20	0.02	False	consul
majore	20	0.02	False	major
provinciarum	20	0.02	False	provinc
patris	20	0.02	False	patr
britannic	20	0.02	False	britannic
apostolicae	20	0.02	False	apostolic
monemuth	20	0.02	False	monemuth
possumus	20	0.02	False	possum
penitus	20	0.02	False	penit
meritis	20	0.02	False	merit
landavensi	20	0.02	True	landavens
archiepiscopo	20	0.02	False	archiepiscop
dudum	20	0.02	False	dud
habemus	20	0.02	False	habem
liquet	20	0.02	False	liquet
exercitus	20	0.02	False	exercit
velle	20	0.02	False	vell
hilarium	20	0.02	True	hilar
hengistum	20	0.02	True	hengist
temporum	19	0.019	False	temp
summa	19	0.019	False	summ
aerae	19	0.019	False	aer
jacobus	19	0.019	True	jacob
jacobi	19	0.019	True	jacob
beato	19	0.019	False	beat
praedicatione	19	0.019	False	praedication
hieronymi	19	0.019	True	hieronym
vetere	19	0.019	False	veter
ado	19	0.019	True	ad
multos	19	0.019	False	mult
martyrio	19	0.019	False	martyri
filia	19	0.019	False	fili
maximus	19	0.019	True	maxim
dempsterus	19	0.019	True	dempster
libellum	19	0.019	False	libell
guilielmi	19	0.019	True	guilielm
spiritus	19	0.019	False	spirit
sacerdotes	19	0.019	False	sacerdot
salutis	19	0.019	False	salut
matris	19	0.019	False	matr
abbatis	19	0.019	False	abbat
monachis	19	0.019	False	monach
dignitatem	19	0.019	False	dignitat
pontifice	19	0.019	False	pontific
reg	19	0.019	False	reg
capgravius	19	0.019	True	capgravi
guilielmo	19	0.019	True	guilielm
hi	19	0.019	False	h
polydorus	19	0.019	True	polydor
templum	19	0.019	False	templ
extat	19	0.019	False	extat
diligenter	19	0.019	False	diligenter
ejusmodi	19	0.019	False	ejusmod
nostrorum	19	0.019	False	nostr
augusti	19	0.019	True	august
ecclesiastic	19	0.019	False	ecclesiastic
julii	19	0.019	True	juli
nuper	19	0.019	False	nuper
codice	19	0.019	False	codic
parisiensis	19	0.019	True	parisiens
habuisse	19	0.019	False	habuiss
animo	19	0.019	False	anim
genere	19	0.019	False	gener
ecce	19	0.019	False	ecc
lege	19	0.019	False	leg
populum	19	0.019	False	popul
gens	19	0.019	False	gen
vestra	19	0.019	False	vestr
constantium	19	0.019	True	constant
huntingdoniensis	19	0.019	True	huntingdoniens
novam	19	0.019	False	nov
hilarius	19	0.019	True	hilari
cives	19	0.019	False	civ
ordine	19	0.019	False	ordin
posset	19	0.019	False	posset
virtutum	19	0.019	False	virtut
presbyterum	19	0.019	False	presbyt
theodosii	19	0.019	True	theodosi
voluntate	19	0.019	False	voluntat
quippe	19	0.019	False	quipp
julianum	19	0.019	True	julian
peccat	19	0.019	False	peccat
pelagiani	19	0.019	True	pelagian
velit	19	0.019	False	velit
voluntatis	19	0.019	False	voluntat
tradunt	18	0.018	False	tradunt
londini	18	0.018	True	londin
plane	18	0.018	False	plan
ipsorum	18	0.018	False	ip
nullum	18	0.018	False	null
terrarum	18	0.018	False	terr
caesaris	18	0.018	True	caesar
omnem	18	0.018	False	omn
proxime	18	0.018	False	proxim
scripto	18	0.018	False	script
utrius	18	0.018	False	utri
hiberniae	18	0.018	True	hiberni
cumque	18	0.018	False	c
adventu	18	0.018	False	adventu
apostolus	18	0.018	False	apostol
corpore	18	0.018	False	corpor
diversis	18	0.018	False	divers
cantabrig	18	0.018	True	cantabrig
britannus	18	0.018	True	britann
spatio	18	0.018	False	spati
sequente	18	0.018	False	sequent
cur	18	0.018	False	cur
veteres	18	0.018	False	veter
passim	18	0.018	False	passi
erit	18	0.018	False	erit
josepho	18	0.018	True	joseph
finibus	18	0.018	False	fin
virtute	18	0.018	False	virtut
regione	18	0.018	False	region
glastoniae	18	0.018	True	glastoni
secunda	18	0.018	False	secund
julianus	18	0.018	True	julian
bibliothecae	18	0.018	False	bibliothec
monacho	18	0.018	False	monach
acta	18	0.018	False	act
incarnationis	18	0.018	False	incarnation
parum	18	0.018	False	p
circiter	18	0.018	False	circiter
data	18	0.018	False	dat
publice	18	0.018	False	public
discipulus	18	0.018	False	discipul
imperatore	18	0.018	False	imperator
passus	18	0.018	False	pass
partim	18	0.018	False	parti
archiepiscopi	18	0.018	False	archiepiscop
coepit	18	0.018	False	coepit
ostendimus	18	0.018	False	ostendim
westmonasteriensis	18	0.018	True	westmonasteriens
regibus	18	0.018	False	reg
necnon	18	0.018	False	necnon
edidit	18	0.018	False	edidit
alterius	18	0.018	False	alteri
vera	18	0.018	False	ver
studio	18	0.018	False	studi
provincias	18	0.018	False	provinci
subjicit	18	0.018	False	subjicit
editis	18	0.018	False	edit
flumen	18	0.018	False	flumen
urbs	18	0.018	False	urb
constantii	18	0.018	True	constanti
successor	18	0.018	False	successor
communi	18	0.018	False	commun
samsonis	18	0.018	True	samson
davidem	18	0.018	True	david
fin	18	0.018	False	fin
successisse	18	0.018	False	successiss
balae	18	0.018	False	bal
quicquid	18	0.018	False	quicquid
bona	18	0.018	False	bon
potuit	18	0.018	False	potuit
juliani	18	0.018	True	julian
peccati	18	0.018	False	peccat
celestio	18	0.018	True	celesti
pelagianorum	18	0.018	True	pelagian
zosimo	18	0.018	True	zosim
haereticorum	18	0.018	False	haeretic
innocentii	18	0.018	True	innocenti
prosperi	18	0.018	True	prosper
arelatensem	18	0.018	True	arelatens
insulis	17	0.017	False	insul
errores	17	0.017	False	error
omnis	17	0.017	False	omn
rom	17	0.017	False	ro
concessit	17	0.017	False	concessit
christus	17	0.017	True	christ
ecclesiasticae	17	0.017	False	ecclesiastic
legem	17	0.017	False	leg
psalm	17	0.017	False	psal
timotheum	17	0.017	True	timothe
script	17	0.017	False	script
anglic	17	0.017	False	anglic
edita	17	0.017	False	edit
utique	17	0.017	False	ut
philippus	17	0.017	True	philipp
capitulo	17	0.017	False	capitul
quandam	17	0.017	False	quand
habent	17	0.017	False	habent
scribens	17	0.017	False	scriben
virorum	17	0.017	False	vir
cottoniana	17	0.017	True	cottonian
antiquit	17	0.017	False	antiquit
multi	17	0.017	False	mult
christianus	17	0.017	True	christian
aetate	17	0.017	False	aetat
novo	17	0.017	False	nov
arma	17	0.017	False	arm
duabus	17	0.017	False	duab
germaniae	17	0.017	True	germani
sexaginta	17	0.017	False	sexagint
episcopatum	17	0.017	False	episcopat
eleutheri	17	0.017	True	eleuther
numerum	17	0.017	False	n
archiepiscoporum	17	0.017	False	archiepiscop
veteri	17	0.017	False	veter
menevensi	17	0.017	True	menevens
caius	17	0.017	True	cai
appellatum	17	0.017	False	appellat
duas	17	0.017	False	du
ore	17	0.017	False	or
patre	17	0.017	False	patr
ambrosio	17	0.017	True	ambrosi
manus	17	0.017	False	man
polychronic	17	0.017	False	polychronic
synodum	17	0.017	False	synod
arelatensis	17	0.017	True	arelatens
humanae	17	0.017	False	human
haereseos	17	0.017	False	haerese
original	17	0.017	True	original
haeresi	17	0.017	False	haeres
carthaginiensis	17	0.017	True	carthaginiens
tuam	17	0.017	False	tu
celestino	17	0.017	True	celestin
apostolis	16	0.016	False	apostol
dicuntur	16	0.016	False	dicuntur
act	16	0.016	False	act
hieronymum	16	0.016	True	hieronym
originem	16	0.016	False	origin
gregorius	16	0.016	True	gregori
mari	16	0.016	False	mar
interea	16	0.016	False	intere
ullo	16	0.016	False	ull
sacra	16	0.016	False	sacr
fertur	16	0.016	False	fertur
coelestis	16	0.016	False	coelest
fit	16	0.016	False	fit
regionem	16	0.016	False	region
martyr	16	0.016	False	martyr
frater	16	0.016	False	frater
posterioris	16	0.016	False	posterior
vocat	16	0.016	False	vocat
potuisse	16	0.016	False	potuiss
consulatu	16	0.016	False	consulatu
corda	16	0.016	False	cord
jesu	16	0.016	True	jesu
procul	16	0.016	False	procul
quicunque	16	0.016	False	quicun
regiones	16	0.016	False	region
aliter	16	0.016	False	aliter
vergilius	16	0.016	True	vergili
exemplaribus	16	0.016	False	exemplar
octavo	16	0.016	False	octav
habita	16	0.016	False	habit
dicunt	16	0.016	False	dicunt
admodum	16	0.016	False	admod
angli	16	0.016	True	angl
epistolas	16	0.016	False	epistol
eidem	16	0.016	False	eid
primas	16	0.016	False	prim
eosdem	16	0.016	False	eosd
august	16	0.016	True	august
sumus	16	0.016	False	sum
euseb	16	0.016	True	euseb
matrem	16	0.016	False	matr
catalog	16	0.016	False	catalog
baptismum	16	0.016	False	baptism
explicat	16	0.016	False	explicat
nostram	16	0.016	False	nostr
duorum	16	0.016	False	du
statu	16	0.016	False	statu
rudburnus	16	0.016	True	rudburn
pontificum	16	0.016	False	pontific
patri	16	0.016	False	patr
papam	16	0.016	False	pap
coepisse	16	0.016	False	coepiss
provinciam	16	0.016	False	provinci
voluit	16	0.016	False	voluit
monachos	16	0.016	False	monach
ranulphus	16	0.016	True	ranulph
cestrensis	16	0.016	True	cestrens
tradiderunt	16	0.016	False	tradiderunt
pontifices	16	0.016	False	pontific
posita	16	0.016	False	posit
civitas	16	0.016	False	civit
hengisto	16	0.016	True	hengist
debet	16	0.016	False	debet
debere	16	0.016	False	deber
dubricio	16	0.016	True	dubrici
quadam	16	0.016	False	quad
wallia	16	0.016	True	walli
veterem	16	0.016	False	veter
terris	16	0.016	False	terr
librorum	16	0.016	False	libr
paulinus	16	0.016	True	paulin
zosimus	16	0.016	True	zosim
helenam	16	0.016	True	helen
africa	16	0.016	True	afric
pelagianis	16	0.016	True	pelagian
zosimum	16	0.016	True	zosim
anathema	16	0.016	False	anathem
lupum	16	0.016	True	lup
armis	15	0.015	False	arm
imperante	15	0.015	False	imperant
christianis	15	0.015	True	christian
suscepisse	15	0.015	False	suscepiss
cuncta	15	0.015	False	cunct
sermo	15	0.015	False	serm
nono	15	0.015	False	non
aliquo	15	0.015	False	aliqu
occidente	15	0.015	False	occident
meo	15	0.015	False	me
plus	15	0.015	False	pl
dempster	15	0.015	False	dempster
legi	15	0.015	False	leg
regna	15	0.015	False	regn
auxilio	15	0.015	False	auxili
mox	15	0.015	False	mox
regi	15	0.015	False	reg
latine	15	0.015	True	latin
passuum	15	0.015	False	passu
ecclesiastica	15	0.015	False	ecclesiastic
victoria	15	0.015	False	victori
poterit	15	0.015	False	poterit
robertus	15	0.015	True	robert
leguntur	15	0.015	False	leguntur
dici	15	0.015	False	dic
persecutione	15	0.015	False	persecution
ratio	15	0.015	False	rati
alter	15	0.015	False	alter
narrationem	15	0.015	False	narration
viros	15	0.015	False	vir
antonini	15	0.015	True	antonin
missa	15	0.015	False	miss
hector	15	0.015	True	hector
boethius	15	0.015	True	boethi
wigorniensis	15	0.015	True	wigorniens
landavensis	15	0.015	True	landavens
rogerus	15	0.015	True	roger
perperam	15	0.015	False	perper
nescio	15	0.015	False	nesci
oratione	15	0.015	False	oration
constituit	15	0.015	False	constituit
bello	15	0.015	False	bell
missum	15	0.015	False	miss
britonibus	15	0.015	True	briton
deinceps	15	0.015	False	deincep
habitum	15	0.015	False	habit
gratias	15	0.015	False	grati
istis	15	0.015	False	ist
altero	15	0.015	False	alter
diaconus	15	0.015	False	diacon
flamines	15	0.015	False	flamin
vocant	15	0.015	False	vocant
galfridi	15	0.015	True	galfrid
magnum	15	0.015	False	magn
antissiodorensis	15	0.015	True	antissiodorens
metropolis	15	0.015	False	metropol
praefuit	15	0.015	False	praefuit
fidelium	15	0.015	False	fidel
britanniarum	15	0.015	True	britann
samson	15	0.015	True	samson
boni	15	0.015	False	bon
libertate	15	0.015	False	libertat
priore	15	0.015	False	prior
legis	15	0.015	False	leg
sanctitatis	15	0.015	False	sanctitat
adventus	15	0.015	False	advent
libertatem	15	0.015	False	libertat
bellum	15	0.015	False	bell
albano	15	0.015	True	alban
albanum	15	0.015	True	alban
gild	15	0.015	False	gild
zosim	15	0.015	False	zosi
orosius	15	0.015	True	orosi
carthaginiensi	15	0.015	True	carthaginiens
haeretici	15	0.015	False	haeretic
capitula	15	0.015	False	capitul
voluntas	15	0.015	False	volunt
nostros	14	0.014	False	nostr
oceanum	14	0.014	False	ocean
nationes	14	0.014	False	nation
mortis	14	0.014	False	mort
gloriam	14	0.014	False	glori
caetera	14	0.014	False	caeter
christianos	14	0.014	True	christian
caesar	14	0.014	True	caesar
fines	14	0.014	False	fin
leges	14	0.014	False	leg
fratrem	14	0.014	False	fratr
referunt	14	0.014	False	referunt
occidentalium	14	0.014	False	occidental
chronici	14	0.014	False	chronic
maximi	14	0.014	True	maxim
gladio	14	0.014	False	gladi
doctrinam	14	0.014	False	doctrin
sepultus	14	0.014	False	sepult
usus	14	0.014	False	us
alias	14	0.014	False	ali
martini	14	0.014	True	martin
dictus	14	0.014	False	dict
uxorem	14	0.014	False	uxor
apostolo	14	0.014	False	apostol
germania	14	0.014	True	germani
hidas	14	0.014	False	hid
veritate	14	0.014	False	veritat
venisse	14	0.014	False	veniss
chronicis	14	0.014	False	chronic
faciunt	14	0.014	False	faciunt
jure	14	0.014	False	jur
aliam	14	0.014	False	ali
natus	14	0.014	False	nat
arthuro	14	0.014	True	arthur
consilio	14	0.014	False	consili
ordinis	14	0.014	False	ordin
scriptores	14	0.014	False	scriptor
not	14	0.014	False	not
johannem	14	0.014	True	johann
nobilis	14	0.014	False	nobil
objecta	14	0.014	False	object
tanto	14	0.014	False	tant
sequitur	14	0.014	False	sequitur
antiqua	14	0.014	False	antiqu
editus	14	0.014	False	edit
reliquias	14	0.014	False	reliqui
sanguine	14	0.014	False	sanguin
sententiae	14	0.014	False	sententi
rer	14	0.014	False	rer
marci	14	0.014	True	marc
generis	14	0.014	False	gener
filios	14	0.014	False	fili
curam	14	0.014	False	cur
contigisse	14	0.014	False	contigiss
codicibus	14	0.014	False	codic
principis	14	0.014	False	princip
fratrum	14	0.014	False	fratr
principio	14	0.014	False	principi
londinensis	14	0.014	True	londinens
authoritas	14	0.014	False	authorit
baronio	14	0.014	True	baroni
prioris	14	0.014	False	prior
sedibus	14	0.014	False	sed
plenius	14	0.014	False	pleni
obiit	14	0.014	False	obiit
voluntatem	14	0.014	False	voluntat
dogmata	14	0.014	False	dogmat
eboracensi	14	0.014	True	eboracens
eboraci	14	0.014	True	eborac
totidem	14	0.014	False	totid
sepulchrum	14	0.014	False	sepulchr
fluminis	14	0.014	False	flumin
nonnulli	14	0.014	False	nonnull
castrum	14	0.014	False	castr
habentur	14	0.014	False	habentur
frustra	14	0.014	False	frustr
titulum	14	0.014	False	titul
ina	14	0.014	True	in
mala	14	0.014	False	mal
fratribus	14	0.014	False	fratr
anglos	14	0.014	True	angl
tribuit	14	0.014	False	tribuit
solus	14	0.014	False	sol
nullo	14	0.014	False	null
lupus	14	0.014	True	lup
concilium	14	0.014	False	concil
collator	14	0.014	True	collator
vitari	14	0.014	False	vitar
quaerendum	14	0.014	False	quaerend
adjutorium	14	0.014	False	adjutor
vortigerni	14	0.014	True	vortigern
minime	13	0.013	False	minim
summo	13	0.013	False	summ
quosdam	13	0.013	False	quosd
orientis	13	0.013	False	orient
romanos	13	0.013	True	roman
miracula	13	0.013	False	miracul
sepultum	13	0.013	False	sepult
credimus	13	0.013	False	credim
junii	13	0.013	True	juni
posteriore	13	0.013	False	posterior
veniens	13	0.013	False	venien
romanam	13	0.013	True	roman
tuis	13	0.013	False	tu
potissimum	13	0.013	False	potissim
visum	13	0.013	False	vis
convertit	13	0.013	False	convertit
regionis	13	0.013	False	region
malmesburiensi	13	0.013	True	malmesburiens
isidori	13	0.013	True	isidor
expressit	13	0.013	False	expressit
novi	13	0.013	False	nov
specul	13	0.013	False	specul
stephanus	13	0.013	True	stephan
discipuli	13	0.013	False	discipul
nusquam	13	0.013	False	nusqu
origine	13	0.013	False	origin
londinensi	13	0.013	True	londinens
integrum	13	0.013	False	integr
cujusdam	13	0.013	False	cujusd
istam	13	0.013	False	ist
susceperunt	13	0.013	False	susceperunt
gregor	13	0.013	True	gregor
videri	13	0.013	False	vider
tertium	13	0.013	False	tert
factam	13	0.013	False	fact
asserunt	13	0.013	False	asserunt
distinct	13	0.013	False	distinct
traditum	13	0.013	False	tradit
reliquis	13	0.013	False	reliqu
positum	13	0.013	False	posit
apparet	13	0.013	False	apparet
eboracensis	13	0.013	True	eboracens
britannicum	13	0.013	True	britannic
discipulum	13	0.013	False	discipul
aetatis	13	0.013	False	aetat
ecclesiasticis	13	0.013	False	ecclesiastic
intelligimus	13	0.013	False	intelligim
videretur	13	0.013	False	videretur
venerabilis	13	0.013	False	venerabil
quandoquidem	13	0.013	False	quandoquid
dicimus	13	0.013	False	dicim
universa	13	0.013	False	univers
eleutherii	13	0.013	True	eleutheri
hactenus	13	0.013	False	hacten
actus	13	0.013	False	act
fagano	13	0.013	True	fagan
ethelwerdus	13	0.013	True	ethelwerd
complures	13	0.013	False	complur
boeth	13	0.013	False	boeth
pontificis	13	0.013	False	pontific
agro	13	0.013	False	agr
episcopatu	13	0.013	False	episcopatu
accepisse	13	0.013	False	accepiss
pontifex	13	0.013	False	pontifex
archiflamines	13	0.013	False	archiflamin
archiepiscopos	13	0.013	False	archiepiscop
invenerunt	13	0.013	False	invenerunt
ranulph	13	0.013	True	ranulph
gregorio	13	0.013	True	gregori
ambrosium	13	0.013	True	ambr
nequaquam	13	0.013	False	nequaqu
honorio	13	0.013	True	honori
gregorii	13	0.013	True	gregori
innocentio	13	0.013	True	innocenti
priorem	13	0.013	False	prior
occasione	13	0.013	False	occasion
hostibus	13	0.013	False	host
vigesimo	13	0.013	False	vigesim
paulinum	13	0.013	True	paulin
synod	13	0.013	False	synod
potuerunt	13	0.013	False	potuerunt
maris	13	0.013	False	mar
naturam	13	0.013	False	natur
tui	13	0.013	False	tu
hieronymo	13	0.013	True	hieronym
gennadius	13	0.013	True	gennadi
gennad	13	0.013	True	gennad
bonifac	13	0.013	True	bonifac
adam	13	0.013	True	ad
catholicam	13	0.013	True	catholic
peccatorum	13	0.013	False	peccat
pelagian	13	0.013	False	pelagian
malum	13	0.013	False	mal
semipelagianorum	13	0.013	True	semipelagian
fausto	13	0.013	True	faust
hengistus	13	0.013	True	hengist
hengisti	13	0.013	True	hengist
humanum	12	0.012	False	human
evangelii	12	0.012	False	evangeli
religio	12	0.012	False	religi
christianum	12	0.012	True	christian
patribus	12	0.012	False	patr
gallias	12	0.012	True	galli
discipulos	12	0.012	False	discipul
martyrologiis	12	0.012	False	martyrologi
ordinatum	12	0.012	False	ordinat
multorum	12	0.012	False	mult
filiam	12	0.012	False	fili
melius	12	0.012	False	meli
quare	12	0.012	False	quar
epigram	12	0.012	False	epigr
carmine	12	0.012	False	carmin
usum	12	0.012	False	us
bis	12	0.012	False	b
henricum	12	0.012	True	henric
quotidie	12	0.012	False	quotidi
ferunt	12	0.012	False	ferunt
monachum	12	0.012	False	monach
vetusta	12	0.012	False	vetust
galliam	12	0.012	True	galli
gallis	12	0.012	True	gall
thomae	12	0.012	True	thom
majorem	12	0.012	False	major
scriptam	12	0.012	False	script
religione	12	0.012	False	religion
putatur	12	0.012	False	putatur
merlini	12	0.012	True	merlin
matthaeo	12	0.012	True	matthae
spiritu	12	0.012	False	spiritu
oppidum	12	0.012	False	oppid
faganum	12	0.012	True	fagan
legatis	12	0.012	False	legat
regia	12	0.012	False	regi
provinciis	12	0.012	False	provinci
oppido	12	0.012	False	oppid
potestatem	12	0.012	False	potestat
interim	12	0.012	False	interi
vixisse	12	0.012	False	vixiss
libellus	12	0.012	False	libell
malmesbur	12	0.012	False	malmesbur
apostolici	12	0.012	False	apostolic
timothei	12	0.012	True	timothe
scriptoribus	12	0.012	False	scriptor
successore	12	0.012	False	successor
aurelium	12	0.012	True	aurel
statuit	12	0.012	False	statuit
kalendas	12	0.012	True	kalend
historiarum	12	0.012	False	histor
vivere	12	0.012	False	viver
ninii	12	0.012	True	nini
secuti	12	0.012	False	secut
sigebertus	12	0.012	True	sigebert
christiani	12	0.012	True	christian
armoricam	12	0.012	True	armoric
tales	12	0.012	False	tal
tali	12	0.012	False	tal
legatos	12	0.012	False	legat
audivimus	12	0.012	False	audivim
haberi	12	0.012	False	haber
successit	12	0.012	False	successit
scotum	12	0.012	True	scot
cai	12	0.012	False	ca
atqui	12	0.012	False	atqu
idcirco	12	0.012	False	idcirc
legibus	12	0.012	False	leg
templa	12	0.012	False	templ
fundata	12	0.012	False	fundat
vol	12	0.012	False	vol
singulos	12	0.012	False	singul
huntingdoniensi	12	0.012	True	huntingdoniens
nuncupatur	12	0.012	False	nuncupatur
ripam	12	0.012	False	rip
cathedram	12	0.012	False	cathedr
denuo	12	0.012	False	denu
episcopali	12	0.012	False	episcopal
duae	12	0.012	False	du
galliarum	12	0.012	True	gall
nominat	12	0.012	False	nominat
surium	12	0.012	True	sur
fluvio	12	0.012	False	fluvi
antistites	12	0.012	False	antistit
magistrum	12	0.012	False	magistr
constitutum	12	0.012	False	constitut
arthurus	12	0.012	True	arthur
viribus	12	0.012	False	vir
falso	12	0.012	False	fals
valentiniani	12	0.012	True	valentinian
sacerdotum	12	0.012	False	sacerdot
loqui	12	0.012	False	loqu
coenobio	12	0.012	False	coenobi
propria	12	0.012	False	propri
orientali	12	0.012	False	oriental
istius	12	0.012	False	isti
catholici	12	0.012	True	catholic
quinquaginta	12	0.012	False	quinquagint
ducem	12	0.012	False	duc
sensu	12	0.012	False	sensu
verolamii	12	0.012	True	verolami
latinum	12	0.012	True	latin
operi	12	0.012	False	oper
mentis	12	0.012	False	ment
victor	12	0.012	False	victor
habito	12	0.012	False	habit
justus	12	0.012	False	just
damnatum	12	0.012	False	damnat
lirinensis	12	0.012	True	lirinens
catholicis	12	0.012	True	catholic
photius	12	0.012	True	photi
ecclesiasticorum	12	0.012	False	ecclesiastic
pelagianum	12	0.012	True	pelagian
lupi	12	0.012	True	lup
mandata	12	0.012	False	mandat
voss	12	0.012	False	vos
culpa	12	0.012	False	culp
africae	12	0.012	True	afric
adjutorio	12	0.012	False	adjutori
victoriam	12	0.012	False	victori
gelasii	12	0.012	True	gelasi
attinet	11	0.011	False	attinet
hieron	11	0.011	True	hieron
meam	11	0.011	False	me
ulla	11	0.011	False	ull
ambrosius	11	0.011	True	ambrosi
interpolator	11	0.011	False	interpolator
vincentius	11	0.011	True	vincenti
posterior	11	0.011	False	posterior
maria	11	0.011	True	mari
diversa	11	0.011	False	divers
praedicavit	11	0.011	False	praedicavit
translatione	11	0.011	False	translation
armorica	11	0.011	True	armoric
hierosolymis	11	0.011	True	hierosolym
videre	11	0.011	False	vider
contigit	11	0.011	False	contigit
alteram	11	0.011	False	alter
tertia	11	0.011	False	terti
placet	11	0.011	False	placet
veterum	11	0.011	False	vet
wintoniensem	11	0.011	True	wintoniens
matre	11	0.011	False	matr
cor	11	0.011	False	cor
persecutionis	11	0.011	False	persecution
pagani	11	0.011	False	pagan
praedicti	11	0.011	False	praedict
divinis	11	0.011	False	divin
charta	11	0.011	False	chart
stephani	11	0.011	True	stephan
inseruit	11	0.011	False	inseruit
montis	11	0.011	False	mont
solent	11	0.011	False	solent
ordinem	11	0.011	False	ordin
sacrae	11	0.011	False	sacr
avalloniae	11	0.011	True	avalloni
glastoniensi	11	0.011	True	glastoniens
glastoniam	11	0.011	True	glastoni
comitatu	11	0.011	False	comitatu
divino	11	0.011	False	divin
testis	11	0.011	False	test
cultum	11	0.011	False	cult
paganorum	11	0.011	False	pagan
jacet	11	0.011	False	jacet
glaston	11	0.011	True	glaston
hispania	11	0.011	True	hispani
legationem	11	0.011	False	legation
bal	11	0.011	False	bal
habeat	11	0.011	False	habeat
proditum	11	0.011	False	prodit
monte	11	0.011	False	mont
lapidibus	11	0.011	False	lapid
dictam	11	0.011	False	dict
faceret	11	0.011	False	faceret
exemplo	11	0.011	False	exempl
antonino	11	0.011	True	antonin
justum	11	0.011	False	just
quicquam	11	0.011	False	quicqu
liberos	11	0.011	False	liber
rectius	11	0.011	False	recti
incidit	11	0.011	False	incidit
antiquitatum	11	0.011	False	antiquitat
roffensis	11	0.011	True	roffens
vicesimo	11	0.011	False	vicesim
trithemius	11	0.011	True	trithemi
chronica	11	0.011	False	chronic
viennensis	11	0.011	True	viennens
alicujus	11	0.011	False	alicuj
eleutherio	11	0.011	True	eleutheri
faciens	11	0.011	False	facien
concessisse	11	0.011	False	concessiss
heidelberg	11	0.011	False	heidelberg
ninio	11	0.011	True	nini
fabius	11	0.011	True	fabi
scotichronico	11	0.011	True	scotichronic
exemplum	11	0.011	False	exempl
notatum	11	0.011	False	notat
talia	11	0.011	False	tali
virtus	11	0.011	False	virt
placuit	11	0.011	False	placuit
videntur	11	0.011	False	videntur
sitam	11	0.011	False	sit
regulam	11	0.011	False	regul
dubricius	11	0.011	True	dubrici
episcopalem	11	0.011	False	episcopal
cambrensis	11	0.011	True	cambrens
carthagine	11	0.011	True	carthagin
anglosaxonum	11	0.011	True	anglosaxon
solo	11	0.011	False	sol
paucis	11	0.011	False	pauc
doctor	11	0.011	False	doctor
primae	11	0.011	False	prim
viro	11	0.011	False	vir
corde	11	0.011	False	cord
regesto	11	0.011	False	regest
conventu	11	0.011	False	conventu
lupo	11	0.011	True	lup
antiquorum	11	0.011	False	antiqu
ecclesiastico	11	0.011	False	ecclesiastic
habens	11	0.011	False	haben
hostes	11	0.011	False	host
maxima	11	0.011	False	maxim
doctissimus	11	0.011	False	doctissim
britanniis	11	0.011	True	britanni
volunt	11	0.011	False	volunt
theodosio	11	0.011	True	theodosi
constet	11	0.011	False	constet
nimis	11	0.011	False	nim
titulo	11	0.011	False	titul
concilior	11	0.011	False	concilior
postmodum	11	0.011	False	postmod
maximum	11	0.011	False	maxim
arte	11	0.011	False	art
corpora	11	0.011	False	corpor
proculdubio	11	0.011	False	proculdubi
scripserat	11	0.011	False	scripserat
relicta	11	0.011	False	relict
possent	11	0.011	False	possent
charitatis	11	0.011	False	charitat
legit	11	0.011	False	legit
homini	11	0.011	False	homin
amphibalum	11	0.011	True	amphibal
notavit	11	0.011	False	notavit
vere	11	0.011	False	ver
dicat	11	0.011	False	dicat
vult	11	0.011	False	vult
reliquiis	11	0.011	False	reliqui
belgic	11	0.011	False	belgic
zosimi	11	0.011	True	zosim
marcellinum	11	0.011	True	marcellin
vestrae	11	0.011	False	vestr
scripturarum	11	0.011	False	scriptur
diceret	11	0.011	False	diceret
dicens	11	0.011	False	dicen
augustinianas	11	0.011	True	augustinian
cura	11	0.011	False	cur
vestram	11	0.011	False	vestr
inimicos	11	0.011	False	inimic
respondere	11	0.011	False	responder
merita	11	0.011	False	merit
praedestinatione	11	0.011	False	praedestination
britannicis	10	0.01	True	britannic
cultu	10	0.01	False	cultu
ctesiphontem	10	0.01	True	ctesiphont
godwin	10	0.01	False	godwin
convers	10	0.01	False	conver
debeat	10	0.01	False	debeat
prophetam	10	0.01	False	prophet
mundum	10	0.01	False	mund
universum	10	0.01	False	univers
oceano	10	0.01	False	ocean
soli	10	0.01	False	sol
coelorum	10	0.01	False	coel
morte	10	0.01	False	mort
petrum	10	0.01	True	petr
paulum	10	0.01	True	paul
annotatum	10	0.01	False	annotat
mansit	10	0.01	False	mansit
eusebius	10	0.01	True	eusebi
authorum	10	0.01	False	auth
tradit	10	0.01	False	tradit
verbo	10	0.01	False	verb
civitatibus	10	0.01	False	civitat
siquidem	10	0.01	False	siquid
henr	10	0.01	True	henr
patriarcha	10	0.01	False	patriarch
fratris	10	0.01	False	fratr
judicii	10	0.01	False	judici
mentionem	10	0.01	False	mention
belli	10	0.01	False	bell
discipulorum	10	0.01	False	discipul
scientiam	10	0.01	False	scienti
brevi	10	0.01	False	brev
creditur	10	0.01	False	creditur
tenuit	10	0.01	False	tenuit
ora	10	0.01	False	or
privilegii	10	0.01	False	privilegi
plurimis	10	0.01	False	plurim
tertii	10	0.01	False	terti
gallos	10	0.01	True	gall
jussit	10	0.01	False	jussit
descripta	10	0.01	False	descript
missis	10	0.01	False	miss
eulogii	10	0.01	False	eulogi
glastonia	10	0.01	True	glastoni
cantuariensis	10	0.01	True	cantuariens
erroribus	10	0.01	False	error
similia	10	0.01	False	simili
qualiter	10	0.01	False	qualiter
obiisse	10	0.01	False	obiiss
occidentali	10	0.01	False	occidental
variis	10	0.01	False	vari
antiquior	10	0.01	False	antiquior
britannum	10	0.01	True	britann
passione	10	0.01	False	passion
diligentia	10	0.01	False	diligenti
antiquissimis	10	0.01	False	antiquissim
aliquem	10	0.01	False	aliqu
quadraginta	10	0.01	False	quadragint
scripturis	10	0.01	False	scriptur
conventus	10	0.01	False	convent
misisse	10	0.01	False	misiss
regio	10	0.01	False	regi
pii	10	0.01	True	pi
virginum	10	0.01	False	virgin
tit	10	0.01	False	tit
mater	10	0.01	False	mater
legatione	10	0.01	False	legation
adeptus	10	0.01	False	adept
exemplari	10	0.01	False	exemplar
integram	10	0.01	False	integr
camdeno	10	0.01	True	camden
expressum	10	0.01	False	express
anglosaxonici	10	0.01	True	anglosaxonic
procoemio	10	0.01	False	procoemi
niger	10	0.01	True	niger
plurimi	10	0.01	False	plurim
verumetiam	10	0.01	False	verumeti
domum	10	0.01	False	dom
defuncto	10	0.01	False	defunct
regnare	10	0.01	False	regnar
foret	10	0.01	False	foret
consilium	10	0.01	False	consil
sequi	10	0.01	False	sequ
pacem	10	0.01	False	pac
pietate	10	0.01	False	pietat
gaudio	10	0.01	False	gaudi
agens	10	0.01	False	agen
indiculo	10	0.01	False	indicul
historiola	10	0.01	False	historiol
judices	10	0.01	False	judic
consensu	10	0.01	False	consensu
positam	10	0.01	False	posit
eboracum	10	0.01	True	eborac
nominatur	10	0.01	False	nominatur
accepimus	10	0.01	False	accepim
monuit	10	0.01	False	monuit
duce	10	0.01	False	duc
clero	10	0.01	False	cler
pontificem	10	0.01	False	pontific
dicam	10	0.01	False	dic
commemorat	10	0.01	False	commemorat
samsonem	10	0.01	True	samson
dolensis	10	0.01	True	dolens
inserta	10	0.01	False	insert
successorem	10	0.01	False	successor
proprium	10	0.01	False	propr
dixisse	10	0.01	False	dixiss
exilio	10	0.01	False	exili
simpliciter	10	0.01	False	simpliciter
publica	10	0.01	False	public
subito	10	0.01	False	subit
istum	10	0.01	False	ist
extitit	10	0.01	False	extitit
datum	10	0.01	False	dat
voluerit	10	0.01	False	voluerit
obitum	10	0.01	False	obit
ter	10	0.01	False	ter
hilario	10	0.01	True	hilari
manibus	10	0.01	False	man
potuisset	10	0.01	False	potuisset
ep	10	0.01	False	ep
valentiniano	10	0.01	True	valentinian
hostium	10	0.01	False	host
fideles	10	0.01	False	fidel
vicarius	10	0.01	False	vicari
tuum	10	0.01	False	tu
viam	10	0.01	False	vi
mei	10	0.01	False	me
agere	10	0.01	False	ager
mortuo	10	0.01	False	mortu
britannicam	10	0.01	True	britannic
latius	10	0.01	False	lati
basilica	10	0.01	False	basilic
dux	10	0.01	False	dux
sermonem	10	0.01	False	sermon
coelo	10	0.01	False	coel
praelio	10	0.01	False	praeli
caesarem	10	0.01	True	caesar
helena	10	0.01	True	helen
dixerit	10	0.01	False	dixerit
virus	10	0.01	False	vir
haereticis	10	0.01	False	haeretic
haereticus	10	0.01	False	haeretic
sentire	10	0.01	False	sentir
ingratis	10	0.01	False	ingrat
apologetic	10	0.01	False	apologetic
liberi	10	0.01	False	liber
haereticum	10	0.01	False	haeretic
remissionem	10	0.01	False	remission
debita	10	0.01	False	debit
magister	10	0.01	False	magister
operam	10	0.01	False	oper
diaconi	10	0.01	False	diacon
aetio	10	0.01	True	aeti
mundo	9	0.009	False	mund
advers	9	0.009	False	adver
conatus	9	0.009	False	conat
nonnulla	9	0.009	False	nonnull
plaga	9	0.009	False	plag
persecutionem	9	0.009	False	persecution
veritatem	9	0.009	False	veritat
profecto	9	0.009	False	profect
occidentis	9	0.009	False	occident
paulino	9	0.009	True	paulin
isidorus	9	0.009	True	isidor
prior	9	0.009	False	prior
verbi	9	0.009	False	verb
praedicandum	9	0.009	False	praedicand
idus	9	0.009	True	id
curavit	9	0.009	False	curavit
occubuit	9	0.009	False	occubuit
vitalis	9	0.009	True	vital
profectus	9	0.009	False	profect
longo	9	0.009	False	long
extremum	9	0.009	False	extrem
graec	9	0.009	False	graec
commentar	9	0.009	False	commentar
missus	9	0.009	False	miss
audita	9	0.009	False	audit
interpres	9	0.009	False	interpr
innuit	9	0.009	False	innuit
duxit	9	0.009	False	duxit
natione	9	0.009	False	nation
pudentis	9	0.009	True	pudent
credere	9	0.009	False	creder
laude	9	0.009	False	laud
vixit	9	0.009	False	vixit
sidon	9	0.009	False	sidon
faciat	9	0.009	False	faciat
pietatis	9	0.009	False	pietat
ferre	9	0.009	False	ferr
anglicana	9	0.009	True	anglican
conscripta	9	0.009	False	conscript
reliqua	9	0.009	False	reliqu
confirmant	9	0.009	False	confirmant
philippi	9	0.009	True	philipp
glastoniensium	9	0.009	True	glastonien
numerus	9	0.009	False	numer
sexagesimo	9	0.009	False	sexagesim
saepius	9	0.009	False	saepi
majori	9	0.009	False	major
discipulo	9	0.009	False	discipul
nobili	9	0.009	False	nobil
scientiae	9	0.009	False	scienti
operum	9	0.009	False	op
veteris	9	0.009	False	veter
philippo	9	0.009	True	philipp
arvirago	9	0.009	True	arvirag
auctor	9	0.009	False	auctor
historial	9	0.009	False	historial
aiunt	9	0.009	False	aiunt
sanguinis	9	0.009	False	sanguin
oratorium	9	0.009	False	orator
sequentibus	9	0.009	False	sequent
nonnullis	9	0.009	False	nonnull
angl	9	0.009	False	angl
dono	9	0.009	False	don
novae	9	0.009	False	nov
docuit	9	0.009	False	docuit
domus	9	0.009	False	dom
chron	9	0.009	False	chron
mortuus	9	0.009	False	mortu
authore	9	0.009	False	author
profectum	9	0.009	False	profect
honoratus	9	0.009	True	honorat
habeant	9	0.009	False	habeant
dicti	9	0.009	False	dict
suarum	9	0.009	False	su
crucis	9	0.009	False	cruc
dicto	9	0.009	False	dict
antiquitat	9	0.009	False	antiquitat
gloria	9	0.009	False	glori
natalib	9	0.009	False	natalib
generat	9	0.009	False	generat
eusebio	9	0.009	True	eusebi
eruditi	9	0.009	False	erudit
aliquot	9	0.009	False	aliquot
augustae	9	0.009	True	august
dedisse	9	0.009	False	dediss
fratre	9	0.009	False	fratr
effectum	9	0.009	False	effect
praesul	9	0.009	False	praesul
quindecim	9	0.009	False	quindeci
bedam	9	0.009	True	bed
exordium	9	0.009	False	exord
annus	9	0.009	False	ann
florentius	9	0.009	True	florenti
wendover	9	0.009	True	wendover
collector	9	0.009	False	collector
garlandia	9	0.009	True	garlandi
pontificatum	9	0.009	False	pontificat
consentiunt	9	0.009	False	consentiunt
francis	9	0.009	True	franc
testantur	9	0.009	False	testantur
venire	9	0.009	False	venir
tacito	9	0.009	False	tacit
auctoritate	9	0.009	False	auctoritat
damianum	9	0.009	True	damian
injuria	9	0.009	False	injuri
antea	9	0.009	False	ante
obtinuisse	9	0.009	False	obtinuiss
missae	9	0.009	False	miss
doctoribus	9	0.009	False	doctor
occasionem	9	0.009	False	occasion
precibus	9	0.009	False	prec
damnatione	9	0.009	False	damnation
nicolaus	9	0.009	True	nicola
mirum	9	0.009	False	mir
literarum	9	0.009	False	liter
seculi	9	0.009	False	secul
functum	9	0.009	False	funct
sacris	9	0.009	False	sacr
isto	9	0.009	False	ist
aaron	9	0.009	True	aaron
novum	9	0.009	False	nov
sanctos	9	0.009	False	sanct
galfrido	9	0.009	True	galfrid
sequentes	9	0.009	False	sequent
primitus	9	0.009	False	primit
dolensem	9	0.009	True	dolens
menevensem	9	0.009	True	menevens
anacleti	9	0.009	True	anaclet
verolamium	9	0.009	True	verol
collocat	9	0.009	False	collocat
florileg	9	0.009	False	florileg
arthurum	9	0.009	True	arthur
vox	9	0.009	False	vox
notum	9	0.009	False	not
cathedra	9	0.009	False	cathedr
metropolitana	9	0.009	False	metropolitan
regnavit	9	0.009	False	regnavit
trium	9	0.009	False	tr
exercitu	9	0.009	False	exercitu
londinensem	9	0.009	True	londinens
justo	9	0.009	False	just
honorii	9	0.009	True	honori
persona	9	0.009	False	person
merciorum	9	0.009	True	merc
sedi	9	0.009	False	sed
utro	9	0.009	False	utr
peste	9	0.009	False	pest
itinerar	9	0.009	True	itinerar
octob	9	0.009	False	octob
relicto	9	0.009	False	relict
matthaeum	9	0.009	True	matthae
comes	9	0.009	False	com
beatum	9	0.009	False	beat
romanus	9	0.009	True	roman
archiepiscopatu	9	0.009	False	archiepiscopatu
rationem	9	0.009	False	ration
florentii	9	0.009	True	florenti
flor	9	0.009	False	flor
ducibus	9	0.009	False	duc
lugdunensis	9	0.009	True	lugdunens
scripserit	9	0.009	False	scripserit
intelligit	9	0.009	False	intelligit
meum	9	0.009	False	me
meis	9	0.009	False	me
reliqui	9	0.009	False	reliqu
antiquitatis	9	0.009	False	antiquitat
possessiones	9	0.009	False	possession
plura	9	0.009	False	plur
utraque	9	0.009	False	utr
dignum	9	0.009	False	dign
reliquiarum	9	0.009	False	reliqu
salute	9	0.009	False	salut
princeps	9	0.009	False	princep
dari	9	0.009	False	dar
concludit	9	0.009	False	concludit
spatium	9	0.009	False	spat
marcellini	9	0.009	True	marcellin
passionis	9	0.009	False	passion
diocletiano	9	0.009	True	diocletian
amphibalus	9	0.009	True	amphibal
protomartyris	9	0.009	False	protomartyr
albanensis	9	0.009	True	albanens
recens	9	0.009	False	recen
monasticam	9	0.009	False	monastic
magistri	9	0.009	False	magistr
fuissent	9	0.009	False	fuissent
cecidit	9	0.009	False	cecidit
authoris	9	0.009	False	author
aures	9	0.009	False	aur
verborum	9	0.009	False	verb
quisquis	9	0.009	False	quisqu
tale	9	0.009	False	tal
ingenii	9	0.009	False	ingeni
exordio	9	0.009	False	exordi
laudem	9	0.009	False	laud
confessione	9	0.009	False	confession
parentes	9	0.009	False	parent
videmus	9	0.009	False	videm
orosio	9	0.009	True	orosi
imperatores	9	0.009	False	imperator
virtutem	9	0.009	False	virtut
palaestinae	9	0.009	True	palaestin
perfidia	9	0.009	False	perfidi
animi	9	0.009	False	anim
producta	9	0.009	False	product
origin	9	0.009	False	origin
obitu	9	0.009	False	obitu
paulin	9	0.009	True	paulin
scribere	9	0.009	False	scriber
sectae	9	0.009	False	sect
tuo	9	0.009	False	tu
africanorum	9	0.009	True	african
hieremiam	9	0.009	True	hieremi
haereticos	9	0.009	False	haeretic
phot	9	0.009	False	phot
conatur	9	0.009	False	conatur
conciliorum	9	0.009	False	concil
confiteri	9	0.009	False	confiter
imperfecti	9	0.009	False	imperfect
retractat	9	0.009	False	retractat
veritas	9	0.009	False	verit
possibilitatem	9	0.009	False	possibilitat
sanctitatem	9	0.009	False	sanctitat
catholicum	9	0.009	True	catholic
sensus	9	0.009	False	sens
leonis	9	0.009	True	leon
rationis	9	0.009	False	ration
damnatos	9	0.009	False	damnat
gennadii	9	0.009	True	gennadi
ephesin	9	0.009	False	ephesin
ccccxxix	9	0.009	True	ccccxxix
saxonas	9	0.009	True	saxon
jacobo	8	0.008	True	jacob
claudia	8	0.008	True	claudi
moenia	8	0.008	False	moeni
honor	8	0.008	False	honor
oceani	8	0.008	False	ocean
notitia	8	0.008	False	notiti
coelesti	8	0.008	False	coelest
insulas	8	0.008	False	insul
dem	8	0.008	False	d
militum	8	0.008	False	milit
psal	8	0.008	True	psal
multitudo	8	0.008	False	multitud
duntaxat	8	0.008	False	duntaxat
civitates	8	0.008	False	civitat
octoginta	8	0.008	False	octogint
nostras	8	0.008	False	nostr
fecisse	8	0.008	False	feciss
populis	8	0.008	False	popul
praedicavisse	8	0.008	False	praedicaviss
ostendunt	8	0.008	False	ostendunt
corporis	8	0.008	False	corpor
collegii	8	0.008	False	collegi
hiberniam	8	0.008	True	hiberni
octobris	8	0.008	True	octobr
doctorem	8	0.008	False	doctor
justitiae	8	0.008	False	justiti
studium	8	0.008	False	stud
martii	8	0.008	True	marti
justitia	8	0.008	False	justiti
constitutis	8	0.008	False	constitut
commentariis	8	0.008	False	commentari
quot	8	0.008	False	quot
nuptiis	8	0.008	False	nupti
pari	8	0.008	False	par
colligit	8	0.008	False	colligit
nititur	8	0.008	False	nititur
scriptore	8	0.008	False	scriptor
nominibus	8	0.008	False	nomin
sylvis	8	0.008	False	sylv
gradu	8	0.008	False	gradu
etenim	8	0.008	False	eteni
vehementer	8	0.008	False	vehementer
gallorum	8	0.008	True	gall
officio	8	0.008	False	offici
franc	8	0.008	False	franc
genitus	8	0.008	False	genit
laudibus	8	0.008	False	laud
capgrav	8	0.008	True	capgrav
cruce	8	0.008	False	cruc
inveniri	8	0.008	False	invenir
transtulit	8	0.008	False	transtulit
fingit	8	0.008	False	fingit
missi	8	0.008	False	miss
dederunt	8	0.008	False	dederunt
continentur	8	0.008	False	continentur
coelum	8	0.008	False	coel
populos	8	0.008	False	popul
propositum	8	0.008	False	proposit
scotos	8	0.008	True	scot
magnam	8	0.008	False	magn
medium	8	0.008	False	med
translatum	8	0.008	False	translat
quartum	8	0.008	False	quart
rescripto	8	0.008	False	rescript
occurrit	8	0.008	False	occurrit
libet	8	0.008	False	libet
anglican	8	0.008	False	anglican
primis	8	0.008	False	prim
principes	8	0.008	False	princip
nauclerus	8	0.008	True	naucler
propterea	8	0.008	False	proptere
scotia	8	0.008	True	scoti
centesimo	8	0.008	False	centesim
ponticus	8	0.008	False	pontic
universis	8	0.008	False	univers
decimus	8	0.008	False	decim
augusto	8	0.008	True	august
rationes	8	0.008	False	ration
recentiores	8	0.008	False	recentior
britanno	8	0.008	True	britann
minore	8	0.008	False	minor
edvardi	8	0.008	True	edvard
martinus	8	0.008	True	martin
anonymus	8	0.008	False	anonym
eleutherum	8	0.008	True	eleuth
iniisse	8	0.008	False	iniiss
julius	8	0.008	True	juli
existimet	8	0.008	False	existimet
proprie	8	0.008	False	propri
praedictae	8	0.008	False	praedict
solet	8	0.008	False	solet
uni	8	0.008	False	un
scotiae	8	0.008	True	scoti
severo	8	0.008	True	sever
cambrobritannis	8	0.008	True	cambrobritann
haberet	8	0.008	False	haberet
potestate	8	0.008	False	potestat
authoribus	8	0.008	False	author
edicto	8	0.008	False	edict
mentem	8	0.008	False	ment
referendum	8	0.008	False	referend
adjecta	8	0.008	False	adject
videbatur	8	0.008	False	videbatur
accessisse	8	0.008	False	accessiss
aliquanto	8	0.008	False	aliquant
plena	8	0.008	False	plen
baptismatis	8	0.008	False	baptismat
baptizari	8	0.008	False	baptizar
doctorum	8	0.008	False	doct
argumento	8	0.008	False	argument
vestri	8	0.008	False	vestr
lelandus	8	0.008	True	leland
deorum	8	0.008	True	d
uterque	8	0.008	False	uter
legatus	8	0.008	False	legat
narrare	8	0.008	False	narrar
caeteri	8	0.008	False	caeter
urbi	8	0.008	False	urb
gildam	8	0.008	True	gild
constituti	8	0.008	False	constitut
aetat	8	0.008	False	aetat
huntingdon	8	0.008	False	huntingdon
flumine	8	0.008	False	flumin
hoveden	8	0.008	False	hoveden
anglor	8	0.008	False	anglor
situm	8	0.008	False	sit
retinet	8	0.008	False	retinet
aelfredi	8	0.008	True	aelfred
ib	8	0.008	False	ib
praelium	8	0.008	False	prael
catalogi	8	0.008	False	catalog
stephano	8	0.008	True	stephan
inae	8	0.008	True	in
cernitur	8	0.008	False	cernitur
virtutibus	8	0.008	False	virtut
interfectum	8	0.008	False	interfect
archiepiscopatum	8	0.008	False	archiepiscopat
antiquioribus	8	0.008	False	antiquior
posterum	8	0.008	False	post
sarisburiensis	8	0.008	True	sarisburiens
nullam	8	0.008	False	null
secundam	8	0.008	False	secund
caeteros	8	0.008	False	caeter
datur	8	0.008	False	datur
sensum	8	0.008	False	sens
commentariorum	8	0.008	False	commentar
samsone	8	0.008	True	samson
pestem	8	0.008	False	pest
reverentia	8	0.008	False	reverenti
reperitur	8	0.008	False	reperitur
dialogo	8	0.008	False	dialog
socios	8	0.008	False	soci
tinmuthens	8	0.008	False	tinmuthen
honorius	8	0.008	True	honori
canonicorum	8	0.008	False	canonic
constitutus	8	0.008	False	constitut
principum	8	0.008	False	princip
australi	8	0.008	False	austral
vocabulo	8	0.008	False	vocabul
constructam	8	0.008	False	construct
antistes	8	0.008	False	antist
regium	8	0.008	False	reg
domine	8	0.008	True	domin
occidentalis	8	0.008	False	occidental
videndum	8	0.008	False	vidend
cujusmodi	8	0.008	False	cujusmod
statum	8	0.008	False	stat
rufino	8	0.008	True	rufin
invenire	8	0.008	False	invenir
cod	8	0.008	True	cod
claud	8	0.008	True	claud
testes	8	0.008	False	test
antistitum	8	0.008	False	antistit
intelligere	8	0.008	False	intelliger
quorundam	8	0.008	False	quorund
plurimos	8	0.008	False	plurim
ullum	8	0.008	False	ull
leo	8	0.008	True	le
privilegia	8	0.008	False	privilegi
concessa	8	0.008	False	concess
stylo	8	0.008	False	styl
utram	8	0.008	False	utr
justitiam	8	0.008	False	justiti
vice	8	0.008	False	vic
eorundem	8	0.008	False	eorund
amore	8	0.008	False	amor
abbates	8	0.008	False	abbat
altare	8	0.008	False	altar
conventum	8	0.008	False	convent
combustionem	8	0.008	False	combustion
wintoniensi	8	0.008	True	wintoniens
volumen	8	0.008	False	volumen
legere	8	0.008	False	leger
capitis	8	0.008	False	capit
opuscula	8	0.008	False	opuscul
versibus	8	0.008	False	ver
certo	8	0.008	False	cert
fidelibus	8	0.008	False	fidel
animae	8	0.008	False	anim
februarii	8	0.008	True	februari
tyranni	8	0.008	False	tyrann
cassianus	8	0.008	True	cassian
stirpe	8	0.008	False	stirp
academiae	8	0.008	False	academi
academ	8	0.008	False	acad
tria	8	0.008	False	tri
sinum	8	0.008	False	sin
insidiis	8	0.008	False	insidi
dico	8	0.008	False	dic
numerat	8	0.008	False	numerat
servus	8	0.008	False	serv
britonem	8	0.008	True	briton
gessit	8	0.008	False	gessit
alienum	8	0.008	False	alien
libuit	8	0.008	False	libuit
noluit	8	0.008	False	noluit
martyrii	8	0.008	False	martyri
dicamus	8	0.008	False	dicam
passi	8	0.008	False	pass
mense	8	0.008	False	mens
breviter	8	0.008	False	breviter
magistro	8	0.008	False	magistr
utpote	8	0.008	False	utpot
late	8	0.008	False	lat
exemplar	8	0.008	False	exemplar
albanensi	8	0.008	True	albanens
relatione	8	0.008	False	relation
proinde	8	0.008	False	proind
tanti	8	0.008	False	tant
talis	8	0.008	False	tal
labore	8	0.008	False	labor
priori	8	0.008	False	prior
dubium	8	0.008	False	dub
positus	8	0.008	False	posit
eund	8	0.008	False	eund
italiae	8	0.008	True	itali
instar	8	0.008	False	instar
eutrop	8	0.008	True	eutrop
lipsius	8	0.008	True	lipsi
communione	8	0.008	False	communion
dat	8	0.008	False	dat
legendum	8	0.008	False	legend
catholicos	8	0.008	True	catholic
liceat	8	0.008	False	liceat
consuli	8	0.008	False	consul
quidquid	8	0.008	False	quidquid
pictorum	8	0.008	True	pict
infantes	8	0.008	False	infant
designat	8	0.008	False	designat
sermonibus	8	0.008	False	sermon
haereses	8	0.008	False	haeres
colligimus	8	0.008	False	colligim
adae	8	0.008	True	ad
innocent	8	0.008	True	innocent
dogmatum	8	0.008	False	dogmat
demetriadem	8	0.008	True	demetriad
carthaginem	8	0.008	True	carthagin
putavit	8	0.008	False	putavit
apertissime	8	0.008	False	apertissim
facilius	8	0.008	False	facili
veraciter	8	0.008	False	veraciter
conantur	8	0.008	False	conantur
hucus	8	0.008	False	huc
responsum	8	0.008	False	respons
impium	8	0.008	False	imp
efficitur	8	0.008	False	efficitur
necessitatem	8	0.008	False	necessitat
censura	8	0.008	False	censur
damnanda	8	0.008	False	damnand
defensionem	8	0.008	False	defension
putant	8	0.008	False	putant
vitiorum	8	0.008	False	vit
praedicare	8	0.008	False	praedicar
communionem	8	0.008	False	communion
celestini	8	0.008	True	celestin
canonum	8	0.008	False	canon
quanto	8	0.008	False	quant
sidonius	8	0.008	True	sidoni
aetium	8	0.008	True	aet
rheni	8	0.008	True	rhen
francos	8	0.008	True	franc
frisiae	8	0.008	True	frisi
armatorum	8	0.008	False	armat
caradoc	8	0.008	False	caradoc
fr	7	0.007	False	fr
nominatim	7	0.007	False	nominati
victoriae	7	0.007	False	victori
vocari	7	0.007	False	vocar
somersetshire	7	0.007	True	somersetshir
lumen	7	0.007	False	lumen
esai	7	0.007	False	esa
apologetico	7	0.007	False	apologetic
palaestina	7	0.007	True	palaestin
subdit	7	0.007	False	subdit
solis	7	0.007	False	sol
regina	7	0.007	False	regin
dicatur	7	0.007	False	dicatur
anastasii	7	0.007	True	anastasi
hispaniae	7	0.007	True	hispani
testamenti	7	0.007	True	testament
occidentalibus	7	0.007	False	occidental
hierosolymam	7	0.007	True	hierosolym
basileensi	7	0.007	True	basileens
innumeris	7	0.007	False	innumer
secundus	7	0.007	False	secund
maii	7	0.007	True	mai
adonis	7	0.007	True	adon
benedicti	7	0.007	True	benedict
oxon	7	0.007	False	oxon
sc	7	0.007	False	sc
occidentalem	7	0.007	False	occidental
decimum	7	0.007	False	decim
postremo	7	0.007	False	postrem
breviario	7	0.007	False	breviari
octavum	7	0.007	False	octav
nerone	7	0.007	True	neron
terras	7	0.007	False	terr
natali	7	0.007	False	natal
cursum	7	0.007	False	curs
septuaginta	7	0.007	False	septuagint
celebris	7	0.007	False	celebr
concordia	7	0.007	False	concordi
cognomento	7	0.007	False	cognoment
poeta	7	0.007	False	poet
vocabulum	7	0.007	False	vocabul
conjicit	7	0.007	False	conjicit
fastis	7	0.007	False	fast
prooemio	7	0.007	False	prooemi
summam	7	0.007	False	summ
antiquiores	7	0.007	False	antiquior
glastoniensem	7	0.007	True	glastoniens
apostolicis	7	0.007	False	apostolic
credentes	7	0.007	False	credent
volens	7	0.007	False	volen
sepelivit	7	0.007	False	sepelivit
venientes	7	0.007	False	venient
consentire	7	0.007	False	consentir
archangeli	7	0.007	False	archangel
muros	7	0.007	False	mur
gloriosae	7	0.007	False	glorios
senior	7	0.007	False	senior
domo	7	0.007	False	dom
silentio	7	0.007	False	silenti
sociorum	7	0.007	False	soc
citatus	7	0.007	False	citat
assignant	7	0.007	False	assignant
flos	7	0.007	False	fl
jus	7	0.007	False	j
vulnera	7	0.007	False	vulner
construxerunt	7	0.007	False	construxerunt
ducis	7	0.007	False	duc
glastonienses	7	0.007	True	glastoniens
interfuit	7	0.007	False	interfuit
diversas	7	0.007	False	divers
uxore	7	0.007	False	uxor
lata	7	0.007	False	lat
potui	7	0.007	False	potu
josephus	7	0.007	True	joseph
jesum	7	0.007	True	jes
paganus	7	0.007	False	pagan
praedicatores	7	0.007	False	praedicator
teste	7	0.007	False	test
socii	7	0.007	False	soci
veram	7	0.007	False	ver
baptizati	7	0.007	False	baptizat
fundamenta	7	0.007	False	fundament
richardus	7	0.007	True	richard
judaeis	7	0.007	True	judae
antiquam	7	0.007	False	antiqu
superius	7	0.007	False	superi
vetustam	7	0.007	False	vetust
limites	7	0.007	False	limit
quanta	7	0.007	False	quant
unico	7	0.007	False	unic
dunstani	7	0.007	True	dunstan
trinitatis	7	0.007	True	trinitat
istas	7	0.007	False	ist
vidit	7	0.007	False	vidit
cruore	7	0.007	False	cruor
matthaei	7	0.007	True	matthae
toti	7	0.007	False	tot
nota	7	0.007	False	not
poemate	7	0.007	False	poemat
crucem	7	0.007	False	cruc
referuntur	7	0.007	False	referuntur
quaestio	7	0.007	False	quaesti
excerpta	7	0.007	False	excerpt
antiquitus	7	0.007	False	antiquit
richardo	7	0.007	True	richard
legum	7	0.007	False	leg
eleutherius	7	0.007	True	eleutheri
negat	7	0.007	False	negat
nativitate	7	0.007	False	nativitat
alphonsus	7	0.007	True	alphons
jamdudum	7	0.007	False	jamdud
causis	7	0.007	False	caus
praedicationem	7	0.007	False	praedication
posuit	7	0.007	False	posuit
nullis	7	0.007	False	null
bosco	7	0.007	True	bosc
cent	7	0.007	False	cent
aliquam	7	0.007	False	aliqu
uspiam	7	0.007	False	uspi
cantuariensi	7	0.007	True	cantuariens
mundus	7	0.007	False	mund
latere	7	0.007	False	later
lapide	7	0.007	False	lapid
producto	7	0.007	False	product
eboracensium	7	0.007	True	eboracen
diceto	7	0.007	True	dicet
harrison	7	0.007	False	harrison
dom	7	0.007	True	do
cognatum	7	0.007	False	cognat
baptizatum	7	0.007	False	baptizat
naucler	7	0.007	False	naucler
german	7	0.007	True	german
idolorum	7	0.007	False	idol
notandum	7	0.007	False	notand
veri	7	0.007	False	ver
pio	7	0.007	True	pi
timotheus	7	0.007	True	timothe
collectione	7	0.007	False	collection
assignat	7	0.007	False	assignat
presbytero	7	0.007	False	presbyter
agnoscit	7	0.007	False	agnoscit
mirandum	7	0.007	False	mirand
affirmant	7	0.007	False	affirmant
virunnius	7	0.007	True	virunni
ferme	7	0.007	False	ferm
descriptione	7	0.007	False	description
quartus	7	0.007	False	quart
mandatum	7	0.007	False	mandat
petiit	7	0.007	False	petiit
pontificalis	7	0.007	False	pontifical
consules	7	0.007	False	consul
codices	7	0.007	False	codic
sententias	7	0.007	False	sententi
tractatu	7	0.007	False	tractatu
vocatum	7	0.007	False	vocat
floruit	7	0.007	False	floruit
claruit	7	0.007	False	claruit
scoti	7	0.007	True	scot
anglicae	7	0.007	True	anglic
triumphis	7	0.007	False	triumph
gemblacensis	7	0.007	True	gemblacens
sapientiae	7	0.007	False	sapienti
partis	7	0.007	False	part
inductus	7	0.007	False	induct
intelligi	7	0.007	False	intellig
coronam	7	0.007	False	coron
imposuit	7	0.007	False	imposuit
profiteri	7	0.007	False	profiter
mora	7	0.007	False	mor
universae	7	0.007	False	univers
collat	7	0.007	False	collat
studiis	7	0.007	False	studi
severi	7	0.007	True	sever
libere	7	0.007	False	liber
consuetudine	7	0.007	False	consuetudin
publico	7	0.007	False	public
decreto	7	0.007	False	decret
beatissimus	7	0.007	False	beatissim
catholico	7	0.007	True	catholic
specie	7	0.007	False	speci
nobiles	7	0.007	False	nobil
primatum	7	0.007	False	primat
impositum	7	0.007	False	imposit
membris	7	0.007	False	membr
unda	7	0.007	False	und
baptismate	7	0.007	False	baptismat
pitsius	7	0.007	True	pitsi
clericos	7	0.007	False	cleric
mente	7	0.007	False	ment
felicem	7	0.007	False	felic
permansisse	7	0.007	False	permansiss
convenit	7	0.007	False	convenit
religiosos	7	0.007	False	religios
praedictum	7	0.007	False	praedict
monemuthensi	7	0.007	True	monemuthens
cambria	7	0.007	True	cambri
devotione	7	0.007	False	devotion
gentilium	7	0.007	False	gentil
sacrum	7	0.007	False	sacr
pallio	7	0.007	False	palli
legionensi	7	0.007	True	legionens
pergit	7	0.007	False	pergit
effecti	7	0.007	False	effect
ptolemaeus	7	0.007	True	ptolemae
britannicorum	7	0.007	True	britannic
notitiam	7	0.007	False	notiti
ptolemaeo	7	0.007	True	ptolemae
colonia	7	0.007	False	coloni
appellata	7	0.007	False	appellat
inventum	7	0.007	False	invent
jubente	7	0.007	False	jubent
videantur	7	0.007	False	videantur
interpretatur	7	0.007	False	interpretatur
fluvius	7	0.007	False	fluvi
rossus	7	0.007	True	ross
moenibus	7	0.007	False	moen
florilego	7	0.007	True	florileg
antiquum	7	0.007	False	antiqu
sumpsit	7	0.007	False	sumpsit
villam	7	0.007	False	vill
consentiente	7	0.007	False	consentient
fundavit	7	0.007	False	fundavit
quadringentos	7	0.007	False	quadringent
pallium	7	0.007	False	pall
schola	7	0.007	False	schol
vortigernum	7	0.007	True	vortigern
nonaginta	7	0.007	False	nonagint
agit	7	0.007	False	agit
archiepiscopatus	7	0.007	False	archiepiscopat
apostolica	7	0.007	False	apostolic
cantuariae	7	0.007	True	cantuari
caedem	7	0.007	False	caed
superiore	7	0.007	False	superior
conscripsit	7	0.007	False	conscripsit
populorum	7	0.007	False	popul
samsoni	7	0.007	True	samson
proprio	7	0.007	False	propri
hovedenus	7	0.007	True	hoveden
quin	7	0.007	False	quin
immo	7	0.007	False	imm
subscripsisse	7	0.007	False	subscripsiss
claruisse	7	0.007	False	claruiss
giraldo	7	0.007	True	girald
illustris	7	0.007	False	illustr
rediisse	7	0.007	False	rediiss
nobilitate	7	0.007	False	nobilitat
dubricium	7	0.007	True	dubric
dextralis	7	0.007	False	dextral
magnus	7	0.007	False	magn
patricius	7	0.007	True	patrici
davide	7	0.007	True	david
meneviam	7	0.007	True	menevi
the	7	0.007	False	th
principibus	7	0.007	False	princip
singulis	7	0.007	False	singul
suffraganeos	7	0.007	False	suffragane
clerum	7	0.007	False	cl
designatum	7	0.007	False	designat
balaeo	7	0.007	True	balae
institutione	7	0.007	False	institution
annotat	7	0.007	False	annotat
incolas	7	0.007	False	incol
illae	7	0.007	False	ill
reliquas	7	0.007	False	reliqu
expresse	7	0.007	False	express
praefecto	7	0.007	False	praefect
directa	7	0.007	False	direct
dixisset	7	0.007	False	dixisset
inveniatur	7	0.007	False	inveniatur
asserii	7	0.007	True	asseri
expulit	7	0.007	False	expulit
narratione	7	0.007	False	narration
negari	7	0.007	False	negar
iter	7	0.007	False	iter
dunstano	7	0.007	True	dunstan
praefixa	7	0.007	False	praefix
vestrum	7	0.007	False	vestr
sanctam	7	0.007	False	sanct
peccatis	7	0.007	False	peccat
aeternum	7	0.007	False	aetern
misericordia	7	0.007	False	misericordi
specialiter	7	0.007	False	specialiter
scripti	7	0.007	False	script
mittit	7	0.007	False	mittit
beatissimi	7	0.007	False	beatissim
disciplinis	7	0.007	False	disciplin
cornubiae	7	0.007	True	cornubi
dicebatur	7	0.007	False	dicebatur
dicebat	7	0.007	False	dicebat
comitis	7	0.007	False	comit
plumbea	7	0.007	False	plumbe
habeo	7	0.007	False	habe
egregium	7	0.007	False	egreg
posteris	7	0.007	False	poster
permanere	7	0.007	False	permaner
luce	7	0.007	False	luc
vigilantius	7	0.007	True	vigilanti
usquam	7	0.007	False	usqu
longitudine	7	0.007	False	longitudin
latitudine	7	0.007	False	latitudin
insigne	7	0.007	False	insign
orientem	7	0.007	False	orient
cantabrigiensis	7	0.007	True	cantabrigiens
editi	7	0.007	False	edit
quarti	7	0.007	False	quart
tantae	7	0.007	False	tant
ni	7	0.007	False	n
leone	7	0.007	True	leon
arcem	7	0.007	False	arc
aevi	7	0.007	False	aev
gloriae	7	0.007	False	glori
vires	7	0.007	False	vir
extincta	7	0.007	False	extinct
titulus	7	0.007	False	titul
passum	7	0.007	False	pass
diversorum	7	0.007	False	diver
aperte	7	0.007	False	apert
reverentiam	7	0.007	False	reverenti
ceu	7	0.007	False	ceu
militiae	7	0.007	False	militi
reddita	7	0.007	False	reddit
poterant	7	0.007	False	poterant
mali	7	0.007	False	mal
praedicator	7	0.007	False	praedicator
linguam	7	0.007	False	lingu
severum	7	0.007	True	sev
commentarios	7	0.007	False	commentari
dierum	7	0.007	False	d
necdum	7	0.007	False	necd
forma	7	0.007	False	form
duxisse	7	0.007	False	duxiss
aug	7	0.007	True	aug
constantin	7	0.007	True	constantin
constant	7	0.007	False	constant
venenum	7	0.007	False	venen
galli	7	0.007	True	gall
caesares	7	0.007	True	caesar
superest	7	0.007	False	superest
filiae	7	0.007	False	fili
stabulariam	7	0.007	False	stabulari
putat	7	0.007	False	putat
testimoniis	7	0.007	False	testimoni
error	7	0.007	False	error
regionibus	7	0.007	False	region
divi	7	0.007	True	div
notis	7	0.007	False	not
mecum	7	0.007	False	mec
illico	7	0.007	False	illic
praecedente	7	0.007	False	praecedent
secreto	7	0.007	False	secret
eloquio	7	0.007	False	eloqui
italia	7	0.007	True	itali
venena	7	0.007	False	venen
facund	7	0.007	False	facund
germen	7	0.007	False	germen
tempestate	7	0.007	False	tempestat
apolog	7	0.007	False	apolog
confitetur	7	0.007	False	confitetur
palaestinis	7	0.007	True	palaestin
catholicorum	7	0.007	True	catholic
apostolicam	7	0.007	False	apostolic
bonis	7	0.007	False	bon
timore	7	0.007	False	timor
gothis	7	0.007	True	goth
africam	7	0.007	True	afric
lex	7	0.007	False	lex
originali	7	0.007	False	original
custodire	7	0.007	False	custodir
vossius	7	0.007	True	vossi
transgressionem	7	0.007	False	transgression
nimium	7	0.007	False	ni
sicilia	7	0.007	True	sicili
libertas	7	0.007	False	libert
libelli	7	0.007	False	libell
triennium	7	0.007	False	trienn
juste	7	0.007	False	just
peccata	7	0.007	False	peccat
illata	7	0.007	False	illat
necessitate	7	0.007	False	necessitat
valerianum	7	0.007	True	valerian
universos	7	0.007	False	univers
vigilantia	7	0.007	False	vigilanti
audent	7	0.007	False	audent
gelasio	7	0.007	True	gelasi
celestinus	7	0.007	True	celestin
honoratum	7	0.007	True	honorat
hilarii	7	0.007	True	hilari
saxo	7	0.007	True	sax
caesarium	7	0.007	True	caesar
praedestinationis	7	0.007	False	praedestination
leontium	7	0.007	True	leont
guorthigirni	7	0.007	True	guorthigirn
leidensis	7	0.007	True	leidens
navibus	7	0.007	False	nav
lucidi	7	0.007	True	lucid
britannicarum	6	0.006	True	britannic
habentes	6	0.006	False	habent
docti	6	0.006	False	doct
clarum	6	0.006	False	cl
quaestionem	6	0.006	False	quaestion
conditione	6	0.006	False	condition
manifestum	6	0.006	False	manifest
tenebris	6	0.006	False	tenebr
famam	6	0.006	False	fam
indicant	6	0.006	False	indicant
universo	6	0.006	False	univers
orat	6	0.006	False	orat
sol	6	0.006	False	sol
suscepta	6	0.006	False	suscept
eusebii	6	0.006	True	eusebi
dogmate	6	0.006	False	dogmat
periculum	6	0.006	False	pericul
dixerat	6	0.006	False	dixerat
summum	6	0.006	False	summ
ministerio	6	0.006	False	ministeri
occidentem	6	0.006	False	occident
oris	6	0.006	False	or
britannias	6	0.006	True	britanni
jacobum	6	0.006	True	jacob
occisum	6	0.006	False	occis
chronicorum	6	0.006	False	chronic
usuardi	6	0.006	True	usuard
notkeri	6	0.006	True	notker
dictis	6	0.006	False	dict
vigesimum	6	0.006	False	vigesim
antiqu	6	0.006	False	antiqu
rursus	6	0.006	False	rurs
defensione	6	0.006	False	defension
appellatione	6	0.006	False	appellation
tim	6	0.006	False	ti
nicephor	6	0.006	True	nicephor
jun	6	0.006	False	jun
terminos	6	0.006	False	termin
relictis	6	0.006	False	relict
uxor	6	0.006	False	uxor
perhibetur	6	0.006	False	perhibetur
decus	6	0.006	False	dec
esto	6	0.006	False	est
senem	6	0.006	False	sen
rufum	6	0.006	True	ruf
seculo	6	0.006	False	secul
pudentem	6	0.006	True	pudent
scotiam	6	0.006	True	scoti
manuscriptis	6	0.006	False	manuscript
probare	6	0.006	False	probar
conversione	6	0.006	False	conversion
decessisse	6	0.006	False	decessiss
nepotem	6	0.006	False	nepot
anima	6	0.006	False	anim
petitionem	6	0.006	False	petition
praeceptis	6	0.006	False	praecept
credi	6	0.006	False	cred
pium	6	0.006	False	p
comitem	6	0.006	False	comit
josephum	6	0.006	True	joseph
divinitus	6	0.006	False	divinit
galliis	6	0.006	True	galli
conjectura	6	0.006	False	conjectur
barbari	6	0.006	True	barbar
intrat	6	0.006	False	intrat
reliquit	6	0.006	False	reliquit
appendice	6	0.006	False	appendic
contulit	6	0.006	False	contulit
baptizatus	6	0.006	False	baptizat
sequuntur	6	0.006	False	sequuntur
aliquantulum	6	0.006	False	aliquantul
adjiciens	6	0.006	False	adjicien
fonte	6	0.006	False	font
sapientia	6	0.006	False	sapienti
jacob	6	0.006	False	jacob
scriptus	6	0.006	False	script
praecipuus	6	0.006	False	praecipu
genetricis	6	0.006	False	genetric
franciae	6	0.006	True	franci
pie	6	0.006	False	pi
contulerunt	6	0.006	False	contulerunt
villa	6	0.006	False	vill
anglice	6	0.006	True	anglic
lambard	6	0.006	False	lambard
hen	6	0.006	False	hen
hardingus	6	0.006	True	harding
coeli	6	0.006	False	coel
quinquagesimo	6	0.006	False	quinquagesim
testem	6	0.006	False	test
futurum	6	0.006	False	futur
tem	6	0.006	False	t
malmes	6	0.006	False	malm
synodis	6	0.006	False	synod
controversia	6	0.006	False	controversi
anglicanae	6	0.006	True	anglican
ingressus	6	0.006	False	ingress
praesentia	6	0.006	False	praesenti
minoris	6	0.006	False	minor
hierusalem	6	0.006	True	hierusal
occidit	6	0.006	False	occidit
collata	6	0.006	False	collat
praesens	6	0.006	False	praesen
muro	6	0.006	False	mur
integra	6	0.006	False	integr
instituta	6	0.006	False	institut
scot	6	0.006	False	scot
divini	6	0.006	False	divin
plurimorum	6	0.006	False	pluri
conversionem	6	0.006	False	conversion
ingressum	6	0.006	False	ingress
judaeos	6	0.006	True	judae
collegium	6	0.006	False	colleg
scriptae	6	0.006	False	script
appellantur	6	0.006	False	appellantur
mortuum	6	0.006	False	mortu
licentia	6	0.006	False	licenti
damno	6	0.006	False	damn
glasconiae	6	0.006	True	glasconi
assensum	6	0.006	False	assens
puer	6	0.006	False	puer
chartis	6	0.006	False	chart
sepulchri	6	0.006	False	sepulchr
vidisse	6	0.006	False	vidiss
undecim	6	0.006	False	undeci
benedict	6	0.006	True	benedict
recta	6	0.006	False	rect
requiescunt	6	0.006	False	requiescunt
timotheo	6	0.006	True	timothe
eboracensem	6	0.006	True	eboracens
radulphi	6	0.006	True	radulph
equilinus	6	0.006	True	equilin
augustam	6	0.006	True	august
chronograph	6	0.006	False	chronograph
volum	6	0.006	False	vol
illustr	6	0.006	False	illustr
curiensis	6	0.006	True	curiens
exitu	6	0.006	False	exitu
notkerus	6	0.006	True	notker
aurea	6	0.006	False	aure
editione	6	0.006	False	edition
posterioribus	6	0.006	False	posterior
commodo	6	0.006	True	commod
susceptam	6	0.006	False	suscept
rexit	6	0.006	False	rexit
impetravit	6	0.006	False	impetravit
secutum	6	0.006	False	secut
severus	6	0.006	True	sever
clarius	6	0.006	False	clari
bergomensis	6	0.006	True	bergomens
pontificatus	6	0.006	False	pontificat
egit	6	0.006	False	egit
scotus	6	0.006	True	scot
archiepiscopis	6	0.006	False	archiepiscop
gerbrandus	6	0.006	True	gerbrand
gotcelinus	6	0.006	False	gotcelin
saxonici	6	0.006	True	saxonic
baldoc	6	0.006	True	baldoc
abbreviata	6	0.006	False	abbreviat
fundatione	6	0.006	False	fundation
vetustissimo	6	0.006	False	vetustissim
bruto	6	0.006	True	brut
polonus	6	0.006	True	polon
vidimus	6	0.006	False	vidim
objectum	6	0.006	False	object
intelligitur	6	0.006	False	intelligitur
nominatam	6	0.006	False	nominat
brito	6	0.006	True	brit
vocabatur	6	0.006	False	vocabatur
christianitatem	6	0.006	True	christianitat
cratepolius	6	0.006	True	cratepoli
interposita	6	0.006	False	interposit
usu	6	0.006	False	usu
formam	6	0.006	False	form
communis	6	0.006	False	commun
geograph	6	0.006	False	geograph
situ	6	0.006	False	situ
claudio	6	0.006	True	claudi
legatum	6	0.006	False	legat
novos	6	0.006	False	nov
christianitas	6	0.006	True	christianit
jampridem	6	0.006	False	jamprid
comitibus	6	0.006	False	comit
medwinum	6	0.006	True	medwin
rationibus	6	0.006	False	ration
porro	6	0.006	False	porr
floriacensi	6	0.006	True	floriacens
gentem	6	0.006	False	gent
verae	6	0.006	False	ver
palam	6	0.006	False	pal
religioni	6	0.006	False	religion
exhibuit	6	0.006	False	exhibuit
aliquos	6	0.006	False	aliqu
occupavisse	6	0.006	False	occupaviss
liberis	6	0.006	False	liber
sanctitate	6	0.006	False	sanctitat
venerabilem	6	0.006	False	venerabil
defunctum	6	0.006	False	defunct
antiquo	6	0.006	False	antiqu
reversi	6	0.006	False	revers
primates	6	0.006	False	primat
cantabrigienses	6	0.006	True	cantabrigiens
harrisonus	6	0.006	True	harrison
scholares	6	0.006	False	scholar
patriis	6	0.006	False	patri
feritate	6	0.006	False	feritat
quocunque	6	0.006	False	quocun
sedit	6	0.006	False	sedit
superioribus	6	0.006	False	superior
rogatu	6	0.006	False	rogatu
phaganus	6	0.006	True	phagan
deruvianus	6	0.006	True	deruvian
presbyteros	6	0.006	False	presbyter
stowaeus	6	0.006	True	stowae
falsum	6	0.006	False	fals
appellationem	6	0.006	False	appellation
arbitror	6	0.006	False	arbitror
sacro	6	0.006	False	sacr
lavacro	6	0.006	False	lavacr
sanctissimus	6	0.006	False	sanctissim
flaminum	6	0.006	False	flamin
landavensem	6	0.006	True	landavens
morum	6	0.006	False	
fideliter	6	0.006	False	fideliter
catalogum	6	0.006	False	catalog
orientalium	6	0.006	False	oriental
existimant	6	0.006	False	existimant
asserio	6	0.006	True	asseri
florent	6	0.006	False	florent
rog	6	0.006	False	rog
alphredo	6	0.006	True	alphred
beverlacensi	6	0.006	True	beverlacens
addita	6	0.006	False	addit
sabrinae	6	0.006	True	sabrin
leon	6	0.006	True	leon
fragment	6	0.006	False	fragment
propius	6	0.006	False	propi
prodit	6	0.006	False	prodit
ranulpho	6	0.006	True	ranulph
septimum	6	0.006	False	septim
britannice	6	0.006	True	britannic
sylvam	6	0.006	False	sylv
constitutam	6	0.006	False	constitut
translata	6	0.006	False	translat
metropolitanam	6	0.006	False	metropolitan
cadocus	6	0.006	True	cadoc
palladius	6	0.006	True	palladi
cambriam	6	0.006	True	cambri
pictis	6	0.006	True	pict
scotis	6	0.006	True	scot
armoricae	6	0.006	True	armoric
insignis	6	0.006	False	insign
filiorum	6	0.006	False	fil
missos	6	0.006	False	miss
historicus	6	0.006	False	historic
sedisse	6	0.006	False	sediss
alanus	6	0.006	True	alan
recordationis	6	0.006	False	recordation
menevens	6	0.006	False	meneven
statuta	6	0.006	False	statut
gestorum	6	0.006	False	gest
lancarvanensis	6	0.006	True	lancarvanens
balaeum	6	0.006	True	balae
floruisse	6	0.006	False	floruiss
consentit	6	0.006	False	consentit
minorem	6	0.006	False	minor
hodiernum	6	0.006	False	hodiern
contendit	6	0.006	False	contendit
doctoris	6	0.006	False	doctor
transmarina	6	0.006	False	transmarin
junioris	6	0.006	False	junior
menevensium	6	0.006	True	meneven
destructas	6	0.006	False	destruct
antiquae	6	0.006	False	antiqu
cleri	6	0.006	False	cler
saxonia	6	0.006	True	saxoni
magnae	6	0.006	False	magn
referens	6	0.006	False	referen
excessisse	6	0.006	False	excessiss
scriptoris	6	0.006	False	scriptor
haeres	6	0.006	False	haer
nulli	6	0.006	False	null
walliae	6	0.006	True	walli
antistite	6	0.006	False	antistit
professione	6	0.006	False	profession
of	6	0.006	False	of
privilegio	6	0.006	False	privilegi
humano	6	0.006	False	human
lhuyd	6	0.006	False	lhuyd
huntingd	6	0.006	False	huntingd
radulpho	6	0.006	True	radulph
bangor	6	0.006	True	bangor
potuerit	6	0.006	False	potuerit
via	6	0.006	False	vi
antistitem	6	0.006	False	antistit
quarta	6	0.006	False	quart
praefuisse	6	0.006	False	praefuiss
notam	6	0.006	False	not
institutum	6	0.006	False	institut
lin	6	0.006	False	lin
consedisse	6	0.006	False	consediss
caeterum	6	0.006	False	caet
foedere	6	0.006	False	foeder
tenent	6	0.006	False	tenent
dubio	6	0.006	False	dubi
obtinet	6	0.006	False	obtinet
initia	6	0.006	False	initi
marcellinus	6	0.006	True	marcellin
majoris	6	0.006	False	major
celebrata	6	0.006	False	celebrat
clericis	6	0.006	False	cleric
redierunt	6	0.006	False	redierunt
universi	6	0.006	False	univers
iniquitatem	6	0.006	False	iniquitat
tenere	6	0.006	False	tener
inimicis	6	0.006	False	inimic
liberam	6	0.006	False	liber
diaboli	6	0.006	True	diabol
auctores	6	0.006	False	auctor
signa	6	0.006	False	sign
convenerunt	6	0.006	False	convenerunt
apostolum	6	0.006	False	apostol
pius	6	0.006	False	pi
dona	6	0.006	False	don
construxit	6	0.006	False	construxit
qualis	6	0.006	False	qual
reversus	6	0.006	False	revers
ccccxlix	6	0.006	True	ccccxlix
officium	6	0.006	False	offic
vortigerno	6	0.006	True	vortigern
secus	6	0.006	False	sec
servitio	6	0.006	False	serviti
reginae	6	0.006	False	regin
sacerdos	6	0.006	False	sacerd
signum	6	0.006	False	sign
subscriptio	6	0.006	False	subscripti
actum	6	0.006	False	act
consentientibus	6	0.006	False	consentient
celebrem	6	0.006	False	celebr
constructa	6	0.006	False	construct
diadema	6	0.006	False	diadem
mausoleo	6	0.006	False	mausole
sciendum	6	0.006	False	sciend
reliquiae	6	0.006	False	reliqui
enarrat	6	0.006	False	enarrat
ossa	6	0.006	False	oss
scriptorib	6	0.006	False	scriptorib
pedibus	6	0.006	False	ped
oculis	6	0.006	False	ocul
hierosolymitano	6	0.006	True	hierosolymitan
meae	6	0.006	False	me
piis	6	0.006	False	pi
disciplinae	6	0.006	False	disciplin
abbatum	6	0.006	False	abbat
temere	6	0.006	False	temer
expressa	6	0.006	False	express
completo	6	0.006	False	complet
novembris	6	0.006	True	novembr
ducentorum	6	0.006	False	ducent
castro	6	0.006	False	castr
praesertim	6	0.006	False	praeserti
trahit	6	0.006	False	trahit
exemplis	6	0.006	False	exempl
animum	6	0.006	False	anim
turba	6	0.006	False	turb
academia	6	0.006	False	academi
germaniam	6	0.006	True	germani
perductus	6	0.006	False	perduct
docuisse	6	0.006	False	docuiss
felici	6	0.006	False	felic
maximiano	6	0.006	True	maximian
necessaria	6	0.006	False	necessari
origenis	6	0.006	True	origen
audierunt	6	0.006	False	audierunt
purpuram	6	0.006	False	purpur
persecutio	6	0.006	False	persecuti
crebra	6	0.006	False	crebr
damnavit	6	0.006	False	damnavit
sectatores	6	0.006	False	sectator
civis	6	0.006	False	civ
miles	6	0.006	False	mil
fortunat	6	0.006	False	fortunat
offa	6	0.006	True	off
commune	6	0.006	False	commun
pervenisse	6	0.006	False	perveniss
sarisburiensi	6	0.006	True	sarisburiens
pridie	6	0.006	False	pridi
palatii	6	0.006	False	palati
latino	6	0.006	True	latin
egregius	6	0.006	False	egregi
lector	6	0.006	False	lector
originale	6	0.006	False	original
conversa	6	0.006	False	convers
latinis	6	0.006	True	latin
beneficio	6	0.006	False	benefici
pietas	6	0.006	False	piet
inimici	6	0.006	False	inimic
parentibus	6	0.006	False	parent
superbia	6	0.006	False	superbi
nobilium	6	0.006	False	nobil
christiano	6	0.006	True	christian
injuriam	6	0.006	False	injuri
narratio	6	0.006	False	narrati
munere	6	0.006	False	muner
scripturae	6	0.006	False	scriptur
ultro	6	0.006	False	ultr
tantam	6	0.006	False	tant
necessitas	6	0.006	False	necessit
cuiquam	6	0.006	False	cuiqu
wentana	6	0.006	True	wentan
capta	6	0.006	False	capt
clare	6	0.006	False	clar
orientalem	6	0.006	False	oriental
exceptis	6	0.006	False	except
proprii	6	0.006	False	propri
respectu	6	0.006	False	respectu
consistere	6	0.006	False	consister
chronologia	6	0.006	False	chronologi
suscipere	6	0.006	False	susciper
natale	6	0.006	False	natal
speciatim	6	0.006	False	speciati
spiritum	6	0.006	False	spirit
reliquos	6	0.006	False	reliqu
tradita	6	0.006	False	tradit
socrat	6	0.006	False	socrat
originis	6	0.006	False	origin
tantis	6	0.006	False	tant
inquiunt	6	0.006	False	inquiunt
ortum	6	0.006	False	ort
voce	6	0.006	False	voc
bithyniae	6	0.006	True	bithyni
luciani	6	0.006	True	lucian
gubernacula	6	0.006	False	gubernacul
itinere	6	0.006	False	itiner
firmicus	6	0.006	True	firmic
copiam	6	0.006	False	copi
possint	6	0.006	False	possint
ingenium	6	0.006	False	ingen
scripsi	6	0.006	False	scrips
fundatum	6	0.006	False	fundat
constante	6	0.006	True	constant
continebat	6	0.006	False	continebat
concilia	6	0.006	False	concili
impia	6	0.006	False	impi
damnatis	6	0.006	False	damnat
secundae	6	0.006	False	secund
datis	6	0.006	False	dat
infecit	6	0.006	False	infecit
coeperunt	6	0.006	False	coeperunt
novis	6	0.006	False	nov
sigeberti	6	0.006	True	sigebert
societate	6	0.006	False	societat
indigenis	6	0.006	False	indigen
rufinus	6	0.006	True	rufin
utri	6	0.006	False	utr
universali	6	0.006	False	universal
meriti	6	0.006	False	merit
pravitate	6	0.006	False	pravitat
rufinum	6	0.006	True	rufin
originalis	6	0.006	False	original
audivi	6	0.006	False	audiv
ago	6	0.006	False	ag
possum	6	0.006	False	poss
sentiret	6	0.006	False	sentiret
poterat	6	0.006	False	poterat
exorsus	6	0.006	False	exors
artes	6	0.006	False	art
praevaricationis	6	0.006	False	praevarication
hierem	6	0.006	True	hier
exortam	6	0.006	False	exort
isidor	6	0.006	False	isidor
africanos	6	0.006	True	african
africanis	6	0.006	True	african
damnata	6	0.006	False	damnat
humanam	6	0.006	False	human
diacono	6	0.006	False	diacon
africani	6	0.006	True	african
quaestionibus	6	0.006	False	quaestion
honorato	6	0.006	True	honorat
adversarios	6	0.006	False	adversari
sanctitas	6	0.006	False	sanctit
macula	6	0.006	False	macul
charitas	6	0.006	False	charit
credo	6	0.006	False	cred
negare	6	0.006	False	negar
malo	6	0.006	False	mal
visus	6	0.006	False	vis
amicitia	6	0.006	False	amiciti
protulit	6	0.006	False	protulit
pacis	6	0.006	False	pac
peccandum	6	0.006	False	peccand
demonstrat	6	0.006	False	demonstrat
bono	6	0.006	False	bon
datae	6	0.006	False	dat
causas	6	0.006	False	caus
falsa	6	0.006	False	fals
theophili	6	0.006	True	theophil
proximis	6	0.006	False	proxim
sententiis	6	0.006	False	sententi
decreta	6	0.006	False	decret
agricola	6	0.006	True	agricol
donum	6	0.006	False	don
damnati	6	0.006	False	damnat
humani	6	0.006	False	human
pelagiano	6	0.006	True	pelagian
concupiscentia	6	0.006	False	concupiscenti
suffrid	6	0.006	False	suffrid
accessit	6	0.006	False	accessit
nestorium	6	0.006	True	nestor
eruditus	6	0.006	False	erudit
massiliensis	6	0.006	True	massiliens
alvarez	6	0.006	True	alvarez
cassiani	6	0.006	True	cassian
ccccxxx	6	0.006	True	ccccxxx
erricus	6	0.006	True	erric
celestinum	6	0.006	True	celestin
legationis	6	0.006	False	legation
epistolarum	6	0.006	False	epistol
sonat	6	0.006	False	sonat
nil	6	0.006	False	nil
horsa	6	0.006	True	hors
duces	6	0.006	False	duc
berniciorum	6	0.006	True	bernic
scoticum	6	0.006	True	scotic
fris	6	0.006	False	fr
frisic	6	0.006	False	frisic
lapides	6	0.006	False	lapid
lugdunensi	6	0.006	True	lugdunens
gennadium	6	0.006	True	gennad
lancarv	6	0.006	False	lancarv
praedicasse	5	0.005	False	praedicass
britanna	5	0.005	True	britann
communem	5	0.005	False	commun
scoticae	5	0.005	True	scotic
prodiderunt	5	0.005	False	prodiderunt
deserta	5	0.005	False	desert
solito	5	0.005	False	solit
humanis	5	0.005	False	human
epitaphio	5	0.005	False	epitaphi
habitu	5	0.005	False	habitu
ritu	5	0.005	False	ritu
creatoris	5	0.005	True	creator
selden	5	0.005	False	selden
positi	5	0.005	False	posit
saluti	5	0.005	False	salut
praedicarent	5	0.005	False	praedicarent
tertiam	5	0.005	False	terti
fecerat	5	0.005	False	fecerat
tiberii	5	0.005	True	tiberi
praecepta	5	0.005	False	praecept
incolis	5	0.005	False	incol
referente	5	0.005	False	referent
interprete	5	0.005	False	interpret
providentia	5	0.005	False	providenti
usquequa	5	0.005	False	usquequ
repente	5	0.005	False	repent
judaea	5	0.005	True	judae
maximam	5	0.005	False	maxim
nationibus	5	0.005	False	nation
accipere	5	0.005	False	acciper
choro	5	0.005	False	chor
britannicas	5	0.005	True	britannic
praedicationis	5	0.005	False	praedication
freculphus	5	0.005	True	freculph
flavii	5	0.005	True	flavi
praedicat	5	0.005	False	praedicat
virginem	5	0.005	False	virgin
speculo	5	0.005	False	specul
productus	5	0.005	False	product
subiit	5	0.005	False	subiit
hispaniam	5	0.005	True	hispani
baronium	5	0.005	True	baron
viveret	5	0.005	False	viveret
praedicandi	5	0.005	False	praedicand
episcopalibus	5	0.005	False	episcopal
urbibus	5	0.005	False	urb
roberti	5	0.005	True	robert
multas	5	0.005	False	mult
transiit	5	0.005	False	transiit
portum	5	0.005	False	port
ultima	5	0.005	False	ultim
pits	5	0.005	False	pit
sermonis	5	0.005	False	sermon
certamine	5	0.005	False	certamin
aristobuli	5	0.005	True	aristobul
imperatoribus	5	0.005	False	imperator
graeci	5	0.005	True	graec
multae	5	0.005	False	mult
lectionis	5	0.005	False	lection
nullius	5	0.005	False	nulli
martialis	5	0.005	True	martial
undecimo	5	0.005	False	undecim
carmina	5	0.005	False	carmin
secundi	5	0.005	False	secund
tradidit	5	0.005	False	tradidit
traditiones	5	0.005	False	tradition
conciliis	5	0.005	False	concili
protomartyrem	5	0.005	False	protomartyr
audiens	5	0.005	False	audien
praedicationi	5	0.005	False	praedication
capellam	5	0.005	False	capell
cognoscimus	5	0.005	False	cognoscim
sequens	5	0.005	False	sequen
dionysium	5	0.005	True	diony
odio	5	0.005	False	odi
natalibus	5	0.005	False	natal
velis	5	0.005	False	vel
docent	5	0.005	False	docent
philippum	5	0.005	True	philipp
calcem	5	0.005	False	calc
tomi	5	0.005	False	tom
versiculi	5	0.005	False	versicul
promissum	5	0.005	False	promiss
jura	5	0.005	False	jur
sepultura	5	0.005	False	sepultur
dedicavit	5	0.005	False	dedicavit
capgravium	5	0.005	True	capgrav
viderat	5	0.005	False	viderat
citato	5	0.005	False	citat
pretiosa	5	0.005	False	pretios
fabulosa	5	0.005	False	fabulos
vocem	5	0.005	False	voc
repositum	5	0.005	False	reposit
forcatulus	5	0.005	True	forcatul
pignus	5	0.005	False	pign
composuit	5	0.005	False	composuit
constructum	5	0.005	False	construct
virgine	5	0.005	False	virgin
possessionibus	5	0.005	False	possession
acceperunt	5	0.005	False	acceperunt
portio	5	0.005	False	porti
prologo	5	0.005	False	prolog
epilogo	5	0.005	False	epilog
authoritatem	5	0.005	False	authoritat
laboribus	5	0.005	False	labor
oriundus	5	0.005	False	oriund
volente	5	0.005	False	volent
pietatem	5	0.005	False	pietat
nobile	5	0.005	False	nobil
robertum	5	0.005	True	robert
familiam	5	0.005	False	famili
sufficiat	5	0.005	False	sufficiat
parisiensi	5	0.005	True	parisiens
spelman	5	0.005	False	spelman
successoribus	5	0.005	False	successor
baptismo	5	0.005	False	baptism
obtinuit	5	0.005	False	obtinuit
sacellum	5	0.005	False	sacell
harding	5	0.005	False	harding
sepulturam	5	0.005	False	sepultur
quadragesimo	5	0.005	False	quadragesim
insignibus	5	0.005	False	insign
commenta	5	0.005	False	comment
capgravio	5	0.005	True	capgravi
traditionem	5	0.005	False	tradition
oratores	5	0.005	False	orator
constantiensi	5	0.005	True	constantiens
magnitudine	5	0.005	False	magnitudin
cardinalis	5	0.005	False	cardinal
privata	5	0.005	False	privat
respondet	5	0.005	False	respondet
probat	5	0.005	False	probat
scriptura	5	0.005	False	scriptur
repererunt	5	0.005	False	repererunt
vivente	5	0.005	False	vivent
reperiri	5	0.005	False	reperir
archivis	5	0.005	False	archiv
praedicando	5	0.005	False	praedicand
laus	5	0.005	False	la
commentum	5	0.005	False	comment
legendae	5	0.005	False	legend
cordis	5	0.005	False	cord
pertinet	5	0.005	False	pertinet
postremum	5	0.005	False	postrem
divinam	5	0.005	False	divin
animam	5	0.005	False	anim
reddidit	5	0.005	False	reddidit
affirmet	5	0.005	False	affirmet
reperit	5	0.005	False	reperit
habeatur	5	0.005	False	habeatur
carnis	5	0.005	False	carn
praesentes	5	0.005	False	praesent
reliquisse	5	0.005	False	reliquiss
descriptam	5	0.005	False	descript
inveniat	5	0.005	False	inveniat
edvard	5	0.005	False	edvard
habuerit	5	0.005	False	habuerit
glastoniense	5	0.005	True	glastoniens
nomini	5	0.005	False	nomin
adde	5	0.005	False	add
simplices	5	0.005	False	simplic
ponitur	5	0.005	False	ponitur
multitudinem	5	0.005	False	multitudin
eutropio	5	0.005	True	eutropi
regnavisse	5	0.005	False	regnaviss
orderic	5	0.005	False	orderic
schedel	5	0.005	False	schedel
negant	5	0.005	False	negant
simonis	5	0.005	True	simon
doctrinis	5	0.005	False	doctrin
quievit	5	0.005	False	quievit
vindelic	5	0.005	True	vindelic
rhenum	5	0.005	True	rhen
pervenit	5	0.005	False	pervenit
decembris	5	0.005	True	decembr
felicis	5	0.005	True	felic
testante	5	0.005	False	testant
marcum	5	0.005	True	marc
celebrari	5	0.005	False	celebrar
virgines	5	0.005	False	virgin
praxedis	5	0.005	True	praxed
sanctarum	5	0.005	False	sanct
pastore	5	0.005	False	pastor
seipsum	5	0.005	False	seips
statuitur	5	0.005	False	statuitur
januar	5	0.005	False	januar
migravisse	5	0.005	False	migraviss
britannicus	5	0.005	True	britannic
piae	5	0.005	False	pi
consecutus	5	0.005	False	consecut
quieta	5	0.005	False	quiet
epitome	5	0.005	False	epitom
nativitatis	5	0.005	False	nativitat
nonas	5	0.005	True	non
tribuere	5	0.005	False	tribuer
referri	5	0.005	False	referr
vellet	5	0.005	False	vellet
mariani	5	0.005	True	marian
glocestrensis	5	0.005	True	glocestrens
productum	5	0.005	False	product
praesentem	5	0.005	False	praesent
retulerunt	5	0.005	False	retulerunt
appellatus	5	0.005	False	appellat
errorum	5	0.005	False	err
imagine	5	0.005	False	imagin
vicit	5	0.005	False	vicit
acceptum	5	0.005	False	accept
dignus	5	0.005	False	dign
anglici	5	0.005	True	anglic
confessoris	5	0.005	False	confessor
caeteras	5	0.005	False	caeter
paulatim	5	0.005	False	paulati
pridem	5	0.005	False	prid
historici	5	0.005	False	historic
referat	5	0.005	False	referat
agimus	5	0.005	False	agim
unicum	5	0.005	False	unic
regiam	5	0.005	False	regi
multarum	5	0.005	False	mult
quispiam	5	0.005	False	quispi
mores	5	0.005	False	mor
tributum	5	0.005	False	tribut
dederit	5	0.005	False	dederit
eleutherium	5	0.005	True	eleuther
refertur	5	0.005	False	refertur
inprimis	5	0.005	False	inprim
historiolae	5	0.005	False	historiol
audisset	5	0.005	False	audisset
dominicam	5	0.005	True	dominic
poenam	5	0.005	False	poen
harpsfeldius	5	0.005	True	harpsfeldi
calculo	5	0.005	False	calcul
fusius	5	0.005	False	fusi
monumentis	5	0.005	False	monument
harpsfeld	5	0.005	False	harpsfeld
salmas	5	0.005	False	salm
accedit	5	0.005	False	accedit
nonnullos	5	0.005	False	nonnull
familia	5	0.005	False	famili
susceptum	5	0.005	False	suscept
splendore	5	0.005	False	splendor
jul	5	0.005	False	jul
capiti	5	0.005	False	capit
fieret	5	0.005	False	fieret
vivendi	5	0.005	False	vivend
affirmare	5	0.005	False	affirmar
scholaribus	5	0.005	False	scholar
gymnasium	5	0.005	False	gymn
ro	5	0.005	True	r
barbaros	5	0.005	True	barbar
ultimis	5	0.005	False	ultim
converteret	5	0.005	False	converteret
barbarorum	5	0.005	False	barbar
antonius	5	0.005	True	antoni
belgico	5	0.005	True	belgic
marcellino	5	0.005	True	marcellin
ae	5	0.005	False	
dumianum	5	0.005	True	dumian
martyrologium	5	0.005	False	martyrolog
conscriptum	5	0.005	False	conscript
consensum	5	0.005	False	consens
manere	5	0.005	False	maner
gestas	5	0.005	False	gest
dicant	5	0.005	False	dicant
urbes	5	0.005	False	urb
facto	5	0.005	False	fact
cantuariensem	5	0.005	True	cantuariens
constituta	5	0.005	False	constitut
aedificia	5	0.005	False	aedifici
metropolitano	5	0.005	False	metropolitan
albania	5	0.005	True	albani
significant	5	0.005	False	significant
constituere	5	0.005	False	constituer
singula	5	0.005	False	singul
scripserunt	5	0.005	False	scripserunt
leidensi	5	0.005	True	leidens
sexta	5	0.005	False	sext
itinerario	5	0.005	False	itinerari
honorifice	5	0.005	False	honorific
descripsit	5	0.005	False	descripsit
londinum	5	0.005	True	londin
caer	5	0.005	True	caer
aedificavit	5	0.005	False	aedificavit
fundatam	5	0.005	False	fundat
warwicensis	5	0.005	True	warwicens
superbiam	5	0.005	False	superbi
cestria	5	0.005	True	cestri
wigorniensi	5	0.005	True	wigorniens
warwici	5	0.005	True	warwic
condidit	5	0.005	False	condidit
ptolemaei	5	0.005	True	ptolemae
ar	5	0.005	False	ar
coit	5	0.005	False	coit
montem	5	0.005	False	mont
polychron	5	0.005	False	polychron
aegypti	5	0.005	True	aegypt
extructam	5	0.005	False	extruct
graecis	5	0.005	True	graec
episcopalis	5	0.005	False	episcopal
habitae	5	0.005	False	habit
praecipua	5	0.005	False	praecipu
canones	5	0.005	False	canon
doroberniam	5	0.005	True	doroberni
stephan	5	0.005	False	stephan
constitutos	5	0.005	False	constitut
cornhill	5	0.005	True	cornhill
londinensium	5	0.005	True	londinen
aetii	5	0.005	True	aeti
ccccxlvi	5	0.005	True	ccccxlv
civibus	5	0.005	False	civ
utherum	5	0.005	True	uth
caxtonus	5	0.005	True	caxton
dominica	5	0.005	True	dominic
dignitas	5	0.005	False	dignit
metropoliticam	5	0.005	False	metropolitic
cantii	5	0.005	True	canti
honorium	5	0.005	True	honor
metropolitani	5	0.005	False	metropolitan
ditioni	5	0.005	False	dition
saxoniae	5	0.005	True	saxoni
captus	5	0.005	False	capt
tumulo	5	0.005	False	tumul
contentione	5	0.005	False	contention
asserere	5	0.005	False	asserer
dolore	5	0.005	False	dolor
metropolim	5	0.005	False	metropoli
graeco	5	0.005	True	graec
substituit	5	0.005	False	substituit
illustri	5	0.005	False	illustr
electionem	5	0.005	False	election
insignem	5	0.005	False	insign
collocavit	5	0.005	False	collocavit
dignitatis	5	0.005	False	dignitat
transitu	5	0.005	False	transitu
numeratur	5	0.005	False	numeratur
immani	5	0.005	False	imman
theliai	5	0.005	True	thelia
pestis	5	0.005	False	pest
colore	5	0.005	False	color
metu	5	0.005	False	metu
regimine	5	0.005	False	regimin
multitudine	5	0.005	False	multitudin
religiosis	5	0.005	False	religios
sigebert	5	0.005	False	sigebert
fecerit	5	0.005	False	fecerit
nordanhumbrorum	5	0.005	True	nordanhumbr
antistiti	5	0.005	False	antistit
donavit	5	0.005	False	donavit
aequalis	5	0.005	False	aequal
regest	5	0.005	False	regest
augusta	5	0.005	True	august
appendic	5	0.005	False	appendic
nic	5	0.005	False	nic
antissiodorensi	5	0.005	True	antissiodorens
plagam	5	0.005	False	plag
limitem	5	0.005	False	limit
retinuit	5	0.005	False	retinuit
tabulae	5	0.005	False	tabul
chronographus	5	0.005	False	chronograph
abbatiam	5	0.005	False	abbati
traditur	5	0.005	False	traditur
clade	5	0.005	False	clad
suffraganeis	5	0.005	False	suffragane
libera	5	0.005	False	liber
exemplaria	5	0.005	False	exemplari
profitetur	5	0.005	False	profitetur
universam	5	0.005	False	univers
invenit	5	0.005	False	invenit
commemoratis	5	0.005	False	commemorat
ortus	5	0.005	False	ort
quinta	5	0.005	False	quint
giraldi	5	0.005	True	girald
singulas	5	0.005	False	singul
tomum	5	0.005	False	tom
suburbicar	5	0.005	False	suburbicar
pictos	5	0.005	True	pict
vocantur	5	0.005	False	vocantur
aliae	5	0.005	False	ali
occidentales	5	0.005	False	occidental
reperi	5	0.005	False	reper
canon	5	0.005	False	canon
caesariensis	5	0.005	True	caesariens
liqueat	5	0.005	False	liqueat
tyranno	5	0.005	False	tyrann
feliciter	5	0.005	False	feliciter
retractationum	5	0.005	False	retractation
opinionem	5	0.005	False	opinion
plurima	5	0.005	False	plurim
scriptorem	5	0.005	False	scriptor
clementis	5	0.005	True	clement
defens	5	0.005	False	defen
polydor	5	0.005	False	polydor
inscripsit	5	0.005	False	inscripsit
apostolicus	5	0.005	False	apostolic
praetorio	5	0.005	False	praetori
habitant	5	0.005	False	habitant
juris	5	0.005	False	jur
iniquo	5	0.005	False	iniqu
oper	5	0.005	False	oper
reos	5	0.005	False	re
summi	5	0.005	False	summ
manifesta	5	0.005	False	manifest
fecerunt	5	0.005	False	fecerunt
hiberniensium	5	0.005	True	hibernien
anonymo	5	0.005	False	anonym
edmundi	5	0.005	True	edmund
paterna	5	0.005	False	patern
obiter	5	0.005	False	obiter
auditum	5	0.005	False	audit
praedia	5	0.005	False	praedi
patr	5	0.005	False	patr
abbati	5	0.005	False	abbat
dunstanum	5	0.005	False	dunstan
patricium	5	0.005	False	patric
convenienter	5	0.005	False	convenienter
cessit	5	0.005	False	cessit
appellavit	5	0.005	False	appellavit
veteribus	5	0.005	False	veter
theodoro	5	0.005	True	theodor
requiescit	5	0.005	False	requiescit
superiori	5	0.005	False	superior
immunem	5	0.005	False	immun
habitam	5	0.005	False	habit
fontem	5	0.005	False	font
acceperit	5	0.005	False	acceperit
pia	5	0.005	False	pi
praedictus	5	0.005	False	praedict
sepulturae	5	0.005	False	sepultur
arturii	5	0.005	False	arturi
etiamnum	5	0.005	False	etiamn
reperta	5	0.005	False	repert
scriptos	5	0.005	False	script
plerumque	5	0.005	False	pler
duarum	5	0.005	False	du
auctoritas	5	0.005	False	auctorit
responsionis	5	0.005	False	responsion
antiquitatibus	5	0.005	False	antiquitat
grat	5	0.005	False	grat
salvatoris	5	0.005	True	salvator
moracius	5	0.005	True	moraci
jugiter	5	0.005	False	jugiter
situs	5	0.005	False	sit
apollinis	5	0.005	True	apollin
wintana	5	0.005	True	wintan
functus	5	0.005	False	funct
rudburn	5	0.005	False	rudburn
seculis	5	0.005	False	secul
aprilis	5	0.005	True	april
twinus	5	0.005	False	twin
falsi	5	0.005	False	fals
cantelupus	5	0.005	True	cantelup
veniam	5	0.005	False	veni
congello	5	0.005	True	congell
spe	5	0.005	False	sp
auctoribus	5	0.005	False	auctor
aetas	5	0.005	False	aet
rhaetiam	5	0.005	True	rhaeti
peregrinatione	5	0.005	False	peregrination
optime	5	0.005	False	optim
glocestriae	5	0.005	True	glocestri
wintoniae	5	0.005	True	wintoni
restituta	5	0.005	False	restitut
hollandiae	5	0.005	True	hollandi
recentiorum	5	0.005	False	recent
totis	5	0.005	False	tot
sequenti	5	0.005	False	sequent
infideles	5	0.005	False	infidel
regnat	5	0.005	False	regnat
valeriani	5	0.005	True	valerian
credidit	5	0.005	False	credidit
particeps	5	0.005	False	particep
maximianus	5	0.005	True	maximian
propriam	5	0.005	False	propri
palmam	5	0.005	False	palm
martyre	5	0.005	False	martyr
censuerunt	5	0.005	False	censuerunt
pede	5	0.005	False	ped
caracalla	5	0.005	False	caracall
recentia	5	0.005	False	recenti
clerici	5	0.005	False	cleric
anglico	5	0.005	True	anglic
inveni	5	0.005	False	inven
actorum	5	0.005	False	act
quales	5	0.005	False	qual
conversus	5	0.005	False	convers
cognitum	5	0.005	False	cognit
carissime	5	0.005	False	carissim
propheta	5	0.005	False	prophet
vidi	5	0.005	False	vid
additum	5	0.005	False	addit
indicavit	5	0.005	False	indicavit
ducens	5	0.005	False	ducen
meritum	5	0.005	False	merit
remedium	5	0.005	False	remed
tractatus	5	0.005	False	tractat
orta	5	0.005	False	ort
rabies	5	0.005	False	rabi
nocte	5	0.005	False	noct
lucis	5	0.005	False	luc
longius	5	0.005	False	longi
industria	5	0.005	False	industri
tractatum	5	0.005	False	tractat
vicinia	5	0.005	False	vicini
oriundum	5	0.005	False	oriund
animas	5	0.005	False	anim
clam	5	0.005	False	cl
manifeste	5	0.005	False	manifest
juvenis	5	0.005	False	juven
suscepti	5	0.005	False	suscept
facerent	5	0.005	False	facerent
calumniam	5	0.005	False	calumni
calendarum	5	0.005	True	calend
gallicano	5	0.005	True	gallican
propriis	5	0.005	False	propri
moritur	5	0.005	False	moritur
fovet	5	0.005	False	fovet
virtutis	5	0.005	False	virtut
praelia	5	0.005	False	praeli
excessum	5	0.005	False	excess
vulgata	5	0.005	False	vulgat
pios	5	0.005	False	pi
incolunt	5	0.005	False	incolunt
panegyric	5	0.005	False	panegyric
justi	5	0.005	False	just
ariana	5	0.005	True	arian
prava	5	0.005	False	prav
purpura	5	0.005	False	purpur
assertor	5	0.005	False	assertor
italiam	5	0.005	True	itali
coel	5	0.005	True	coel
ventis	5	0.005	False	vent
moribus	5	0.005	False	mor
jornand	5	0.005	False	jornand
genitum	5	0.005	False	genit
sylvestri	5	0.005	True	sylvestr
bithynia	5	0.005	True	bithyni
sever	5	0.005	True	sever
gelas	5	0.005	False	gel
alexandrini	5	0.005	True	alexandrin
orientalis	5	0.005	False	oriental
illyrici	5	0.005	True	illyric
thraciae	5	0.005	True	thraci
membrum	5	0.005	False	membr
ponit	5	0.005	False	ponit
hunnorum	5	0.005	True	hunn
plenus	5	0.005	False	plen
consulem	5	0.005	False	consul
munera	5	0.005	False	muner
mentes	5	0.005	False	ment
exclusa	5	0.005	False	exclus
constantem	5	0.005	True	constant
rescripta	5	0.005	False	rescript
vela	5	0.005	False	vel
gallum	5	0.005	True	gall
edidisse	5	0.005	False	edidiss
manuum	5	0.005	False	manu
successu	5	0.005	False	successu
valeant	5	0.005	False	valeant
judicem	5	0.005	False	judic
conspectu	5	0.005	False	conspectu
collecta	5	0.005	False	collect
coloniae	5	0.005	False	coloni
mercatoris	5	0.005	True	mercator
orthodoxos	5	0.005	False	orthodox
interfuisse	5	0.005	False	interfuiss
aeternam	5	0.005	False	aetern
acciti	5	0.005	False	accit
facundus	5	0.005	True	facund
audire	5	0.005	False	audir
capita	5	0.005	False	capit
ethelwerd	5	0.005	False	ethelwerd
locutus	5	0.005	False	locut
parvulos	5	0.005	False	parvul
defendit	5	0.005	False	defendit
doctissimo	5	0.005	False	doctissim
etiamsi	5	0.005	False	etiams
ubicun	5	0.005	False	ubicun
portu	5	0.005	False	portu
orthodoxi	5	0.005	False	orthodox
extant	5	0.005	False	extant
bonus	5	0.005	False	bon
novimus	5	0.005	False	novim
juliano	5	0.005	True	julian
vicina	5	0.005	False	vicin
scriberet	5	0.005	False	scriberet
necessariam	5	0.005	False	necessari
commonitor	5	0.005	False	commonitor
quodvultdeum	5	0.005	True	quodvultde
lectionem	5	0.005	False	lection
haeresiarcha	5	0.005	False	haeresiarch
clericorum	5	0.005	False	cleric
subjungit	5	0.005	False	subjungit
vis	5	0.005	False	v
trecentis	5	0.005	False	trecent
tacere	5	0.005	False	tacer
imperfectum	5	0.005	False	imperfect
istorum	5	0.005	False	ist
examine	5	0.005	False	examin
africana	5	0.005	True	african
gothorum	5	0.005	True	goth
clarissimus	5	0.005	False	clarissim
dicis	5	0.005	False	dic
confessus	5	0.005	False	confess
dimitte	5	0.005	False	dimitt
tractatibus	5	0.005	False	tractat
volentes	5	0.005	False	volent
docere	5	0.005	False	docer
quatuordecim	5	0.005	False	quatuordeci
debeamus	5	0.005	False	debeam
servanda	5	0.005	False	servand
occultis	5	0.005	False	occult
celestiana	5	0.005	True	celestian
implere	5	0.005	False	impler
prodesse	5	0.005	False	prodess
ingenio	5	0.005	False	ingeni
praeceptum	5	0.005	False	praecept
censuit	5	0.005	False	censuit
job	5	0.005	True	job
munus	5	0.005	False	mun
pervenire	5	0.005	False	pervenir
beatitudinem	5	0.005	False	beatitudin
gestum	5	0.005	False	gest
dogmatibus	5	0.005	False	dogmat
accusatores	5	0.005	False	accusator
speciem	5	0.005	False	speci
recipit	5	0.005	False	recipit
aliquorum	5	0.005	False	aliqu
intelligunt	5	0.005	False	intelligunt
tenet	5	0.005	False	tenet
laborem	5	0.005	False	labor
contraria	5	0.005	False	contrari
confitemur	5	0.005	False	confitemur
diaconum	5	0.005	False	diacon
adjuvat	5	0.005	False	adjuvat
lectis	5	0.005	False	lect
disputationibus	5	0.005	False	disputation
coepiscopos	5	0.005	False	coepiscop
auribus	5	0.005	False	aur
acceptis	5	0.005	False	accept
medicinae	5	0.005	False	medicin
orientalibus	5	0.005	False	oriental
putet	5	0.005	False	putet
anathematismis	5	0.005	False	anathematism
rescripsit	5	0.005	False	rescripsit
homine	5	0.005	False	homin
diacon	5	0.005	False	diacon
talibus	5	0.005	False	tal
favisse	5	0.005	False	faviss
plenario	5	0.005	False	plenari
sufficere	5	0.005	False	sufficer
praefectus	5	0.005	False	praefect
palladio	5	0.005	True	palladi
proferre	5	0.005	False	proferr
cassianum	5	0.005	True	cassian
humana	5	0.005	False	human
vigorem	5	0.005	False	vigor
posteriorem	5	0.005	False	posterior
poena	5	0.005	False	poen
campania	5	0.005	True	campani
crimen	5	0.005	False	crimen
vellent	5	0.005	False	vellent
pravitatis	5	0.005	False	pravitat
subscriptione	5	0.005	False	subscription
miserunt	5	0.005	False	miserunt
ovium	5	0.005	False	ov
cornel	5	0.005	False	cornel
bonae	5	0.005	False	bon
spes	5	0.005	False	sp
gallicanis	5	0.005	True	gallican
ccccxxvi	5	0.005	True	ccccxxv
auxiliis	5	0.005	False	auxili
digna	5	0.005	False	dign
massam	5	0.005	False	mass
repetit	5	0.005	False	repetit
honorati	5	0.005	True	honorat
apollinaris	5	0.005	True	apollinar
paul	5	0.005	False	paul
cursus	5	0.005	False	curs
nestorio	5	0.005	True	nestori
graecolatin	5	0.005	False	graecolatin
naturalis	5	0.005	False	natural
anglosaxones	5	0.005	True	anglosaxon
reb	5	0.005	False	reb
ccccxlviii	5	0.005	True	ccccxlvii
guorthigirnus	5	0.005	True	guorthigirn
frisia	5	0.005	True	frisi
gerbrand	5	0.005	False	gerbrand
longis	5	0.005	False	long
jutis	5	0.005	True	jut
jutiae	5	0.005	True	juti
ducatus	5	0.005	False	ducat
frisiorum	5	0.005	True	fris
horsi	5	0.005	True	hors
attilae	5	0.005	True	attil
floriacensis	5	0.005	True	floriacens
cadoci	5	0.005	True	cadoc
lucidum	5	0.005	True	lucid
aeonium	5	0.005	True	aeon
cerdici	5	0.005	True	cerdic
acceptam	4	0.004	False	accept
impius	4	0.004	False	impi
contrarium	4	0.004	False	contrar
dio	4	0.004	False	di
carne	4	0.004	False	carn
dubitaverit	4	0.004	False	dubitaverit
linguis	4	0.004	False	lingu
resurrectionem	4	0.004	False	resurrection
epitom	4	0.004	False	epito
lux	4	0.004	False	lux
continentem	4	0.004	False	continent
habitationem	4	0.004	False	habitation
verus	4	0.004	False	ver
arce	4	0.004	False	arc
orbi	4	0.004	False	orb
scimus	4	0.004	False	scim
marc	4	0.004	True	marc
accusatoribus	4	0.004	False	accusator
edictum	4	0.004	False	edict
coelitus	4	0.004	False	coelit
ostensum	4	0.004	False	ostens
penetravit	4	0.004	False	penetravit
apol	4	0.004	False	apol
ed	4	0.004	False	ed
paucos	4	0.004	False	pauc
cladem	4	0.004	False	clad
gestam	4	0.004	False	gest
scythas	4	0.004	True	scyth
persas	4	0.004	True	pers
patriarchae	4	0.004	False	patriarch
locorum	4	0.004	False	loc
circumfertur	4	0.004	False	circumfertur
bellovacensis	4	0.004	True	bellovacens
rediens	4	0.004	False	redien
beatam	4	0.004	False	beat
castellani	4	0.004	True	castellan
semina	4	0.004	False	semin
herode	4	0.004	True	herod
caroli	4	0.004	True	carol
galaecia	4	0.004	True	galaeci
nominantur	4	0.004	False	nominantur
cotton	4	0.004	True	cotton
caesus	4	0.004	False	caes
ordericus	4	0.004	True	orderic
nicephorus	4	0.004	True	nicephor
graecorum	4	0.004	True	graec
menaeis	4	0.004	True	menae
solem	4	0.004	False	sol
absolutus	4	0.004	False	absolut
venantius	4	0.004	True	venanti
fortunatus	4	0.004	True	fortunat
hierosolymitanus	4	0.004	True	hierosolymitan
cursu	4	0.004	False	cursu
suscepto	4	0.004	False	suscept
com	4	0.004	False	co
person	4	0.004	False	person
praedicans	4	0.004	False	praedican
ordinatus	4	0.004	False	ordinat
tractus	4	0.004	False	tract
presbyteris	4	0.004	False	presbyter
fragmento	4	0.004	False	fragment
joannis	4	0.004	True	joann
petivit	4	0.004	False	petivit
parenthesi	4	0.004	False	parenthes
sororem	4	0.004	False	soror
commentario	4	0.004	False	commentari
claudiae	4	0.004	True	claudi
claudiam	4	0.004	True	claudi
peperit	4	0.004	False	peperit
foecunda	4	0.004	False	foecund
conjuge	4	0.004	False	conjug
rufi	4	0.004	True	ruf
virgineo	4	0.004	False	virgine
martial	4	0.004	False	martial
apollinar	4	0.004	False	apollinar
reponendum	4	0.004	False	reponend
litera	4	0.004	False	liter
conficere	4	0.004	False	conficer
fundamento	4	0.004	False	fundament
argumentum	4	0.004	False	argument
composita	4	0.004	False	composit
interiisse	4	0.004	False	interiiss
celebrat	4	0.004	False	celebrat
arimathaeensi	4	0.004	True	arimathaeens
normannorum	4	0.004	True	normann
sorore	4	0.004	False	soror
mulieribus	4	0.004	False	mulier
scribis	4	0.004	False	scrib
petierunt	4	0.004	False	petierunt
volebat	4	0.004	False	volebat
venerant	4	0.004	False	venerant
comperta	4	0.004	False	compert
unicui	4	0.004	False	unicu
morem	4	0.004	False	mor
confirmaverunt	4	0.004	False	confirmaverunt
gabrielis	4	0.004	True	gabriel
genitricis	4	0.004	False	genitric
virgis	4	0.004	False	virg
tricesimo	4	0.004	False	tricesim
assumptionem	4	0.004	False	assumption
memorati	4	0.004	False	memorat
bus	4	0.004	False	b
seniorum	4	0.004	False	sen
antiquitatem	4	0.004	False	antiquitat
pago	4	0.004	False	pag
stat	4	0.004	False	stat
perpetuae	4	0.004	False	perpetu
dionysii	4	0.004	True	dionysi
mariam	4	0.004	True	mari
appulisse	4	0.004	False	appuliss
nobilem	4	0.004	False	nobil
hierosolymitani	4	0.004	True	hierosolymitan
baronii	4	0.004	True	baroni
textu	4	0.004	False	textu
praeterquam	4	0.004	False	praeterqu
octogesimo	4	0.004	False	octogesim
jac	4	0.004	False	jac
manuscripto	4	0.004	False	manuscript
evincit	4	0.004	False	evincit
divinum	4	0.004	False	divin
navigio	4	0.004	False	navigi
credit	4	0.004	False	credit
joh	4	0.004	False	joh
guilielmum	4	0.004	True	guilielm
vincentio	4	0.004	True	vincenti
cuidam	4	0.004	False	cuid
ordinibus	4	0.004	False	ordin
vulgari	4	0.004	False	vulgar
argentea	4	0.004	False	argente
commemorant	4	0.004	False	commemorant
appositum	4	0.004	False	apposit
diutissime	4	0.004	False	diutissim
imbutus	4	0.004	False	imbut
admonitionem	4	0.004	False	admonition
michaelis	4	0.004	True	michael
conscripto	4	0.004	False	conscript
thoma	4	0.004	True	thom
hidarum	4	0.004	False	hid
reperiuntur	4	0.004	False	reperiuntur
cottoniano	4	0.004	False	cottonian
prophetiae	4	0.004	False	propheti
constanter	4	0.004	False	constanter
inhabitandum	4	0.004	False	inhabitand
sanctilogio	4	0.004	False	sanctilogi
lectoris	4	0.004	False	lector
dubiis	4	0.004	False	dubi
relinquens	4	0.004	False	relinquen
invidia	4	0.004	False	invidi
sublatis	4	0.004	False	sublat
polyd	4	0.004	False	polyd
primordia	4	0.004	False	primordi
baptismi	4	0.004	False	baptism
mirabiliter	4	0.004	False	mirabiliter
duvianum	4	0.004	True	duvian
dispersis	4	0.004	False	dispers
citata	4	0.004	False	citat
deruviani	4	0.004	True	deruvian
portiones	4	0.004	False	portion
describit	4	0.004	False	describit
arviragum	4	0.004	False	arvirag
coillum	4	0.004	True	coill
tinmuthensem	4	0.004	True	tinmuthens
albanius	4	0.004	True	albani
citat	4	0.004	False	citat
traditione	4	0.004	False	tradition
prodidit	4	0.004	False	prodidit
merlinum	4	0.004	True	merlin
exhibemus	4	0.004	False	exhibem
perpetuum	4	0.004	False	perpetu
linea	4	0.004	False	line
alba	4	0.004	False	alb
florilegi	4	0.004	True	florileg
decurio	4	0.004	False	decuri
avaloniae	4	0.004	True	avaloni
praefix	4	0.004	False	praefix
subjecta	4	0.004	False	subject
recitat	4	0.004	False	recitat
nobilissima	4	0.004	False	nobilissim
orator	4	0.004	False	orator
mota	4	0.004	False	mot
praedictis	4	0.004	False	praedict
renovata	4	0.004	False	renovat
antiquiorem	4	0.004	False	antiquior
authentica	4	0.004	False	authentic
scripturam	4	0.004	False	scriptur
continetur	4	0.004	False	continetur
floribus	4	0.004	False	flor
intus	4	0.004	False	int
hispani	4	0.004	True	hispan
carcere	4	0.004	False	carcer
liberatus	4	0.004	False	liberat
produximus	4	0.004	False	produxim
apparat	4	0.004	False	apparat
falsis	4	0.004	False	fals
fundamentis	4	0.004	False	fundament
praesule	4	0.004	False	praesul
datam	4	0.004	False	dat
liberato	4	0.004	False	liberat
desunt	4	0.004	False	desunt
conjecturis	4	0.004	False	conjectur
citatis	4	0.004	False	citat
vulgato	4	0.004	False	vulgat
redditur	4	0.004	False	redditur
saxonice	4	0.004	True	saxonic
edvardo	4	0.004	True	edvard
lectori	4	0.004	False	lector
monumentum	4	0.004	False	monument
licentiam	4	0.004	False	licenti
valeat	4	0.004	False	valeat
patent	4	0.004	True	patent
dicatum	4	0.004	False	dicat
quamdiu	4	0.004	False	quamdiu
ruinis	4	0.004	False	ruin
miraculorum	4	0.004	False	miracul
memini	4	0.004	False	memin
maihew	4	0.004	False	maihew
habitare	4	0.004	False	habitar
beatissimae	4	0.004	False	beatissim
quadratis	4	0.004	False	quadrat
utrin	4	0.004	False	utrin
insignia	4	0.004	False	insigni
paganis	4	0.004	False	pagan
confluentibus	4	0.004	False	confluent
conversis	4	0.004	False	convers
fasciculo	4	0.004	True	fascicul
eutropius	4	0.004	True	eutropi
tempor	4	0.004	False	tempor
sacerdotem	4	0.004	False	sacerdot
curiae	4	0.004	True	curi
conversionis	4	0.004	False	conversion
pistorio	4	0.004	True	pistori
excus	4	0.004	False	exc
francofurt	4	0.004	False	francofurt
pervenerunt	4	0.004	False	pervenerunt
tabulis	4	0.004	False	tabul
scotic	4	0.004	False	scotic
antoninus	4	0.004	True	antonin
intelligendum	4	0.004	False	intelligend
natalis	4	0.004	False	natal
januensis	4	0.004	True	januens
kalend	4	0.004	False	kalend
pudentianae	4	0.004	True	pudentian
ss	4	0.004	True	s
colligere	4	0.004	False	colliger
posterius	4	0.004	False	posteri
sanctor	4	0.004	False	sanctor
marco	4	0.004	True	marc
castorius	4	0.004	True	castori
euaristo	4	0.004	True	euarist
regulis	4	0.004	False	regul
cottonianae	4	0.004	True	cottonian
eleuther	4	0.004	True	eleuther
efficeretur	4	0.004	False	efficeretur
julio	4	0.004	True	juli
necessario	4	0.004	False	necessari
platina	4	0.004	True	platin
inito	4	0.004	False	init
adepto	4	0.004	False	adept
imperatorum	4	0.004	False	imperat
vulgati	4	0.004	False	vulgat
subjicere	4	0.004	False	subjicer
leydensis	4	0.004	True	leydens
bertinianus	4	0.004	True	bertinian
contracti	4	0.004	True	contract
lilius	4	0.004	True	lili
vitis	4	0.004	False	vit
fletus	4	0.004	True	flet
statuunt	4	0.004	False	statuunt
sciam	4	0.004	False	sci
eventu	4	0.004	False	eventu
apposito	4	0.004	False	apposit
polus	4	0.004	True	pol
vocatus	4	0.004	False	vocat
intelligat	4	0.004	False	intelligat
mitto	4	0.004	False	mitt
voc	4	0.004	False	voc
raro	4	0.004	False	rar
adjicere	4	0.004	False	adjicer
pertinent	4	0.004	False	pertinent
trevirensium	4	0.004	True	treviren
caesare	4	0.004	True	caesar
meliorem	4	0.004	False	melior
anglosaxonica	4	0.004	True	anglosaxonic
sexcentos	4	0.004	False	sexcent
existiment	4	0.004	False	existiment
acie	4	0.004	False	aci
tacit	4	0.004	False	tacit
agricolae	4	0.004	True	agricol
describens	4	0.004	False	describen
agricolam	4	0.004	True	agricol
compluribus	4	0.004	False	complur
obsequio	4	0.004	False	obsequi
fordon	4	0.004	False	fordon
derwiano	4	0.004	True	derwian
feruntur	4	0.004	False	feruntur
conscriptis	4	0.004	False	conscript
recentioribus	4	0.004	False	recentior
tantummodo	4	0.004	False	tantummod
christianitatis	4	0.004	True	christianitat
tyrones	4	0.004	False	tyron
rescriptum	4	0.004	False	rescript
operibus	4	0.004	False	oper
invenisse	4	0.004	False	inveniss
novit	4	0.004	False	novit
pertinacem	4	0.004	True	pertinac
trebellium	4	0.004	True	trebell
benigne	4	0.004	False	benign
illustribus	4	0.004	False	illustr
baptizato	4	0.004	False	baptizat
bergom	4	0.004	False	bergo
audisse	4	0.004	False	audiss
carere	4	0.004	False	carer
origo	4	0.004	False	orig
idola	4	0.004	False	idol
reor	4	0.004	False	reor
potentia	4	0.004	False	potenti
vana	4	0.004	False	van
secula	4	0.004	False	secul
membra	4	0.004	False	membr
sacri	4	0.004	False	sacr
ecclesiasticum	4	0.004	False	ecclesiastic
normam	4	0.004	False	norm
docuerunt	4	0.004	False	docuerunt
elvanum	4	0.004	True	elvan
mira	4	0.004	False	mir
assumpta	4	0.004	False	assumpt
hadriani	4	0.004	True	hadrian
reliquo	4	0.004	False	reliqu
lumina	4	0.004	False	lumin
sole	4	0.004	False	sol
agentes	4	0.004	False	agent
gratiarum	4	0.004	False	grat
significare	4	0.004	False	significar
fagan	4	0.004	True	fagan
petente	4	0.004	False	petent
converterunt	4	0.004	False	converterunt
fugatium	4	0.004	True	fugat
instituit	4	0.004	False	instituit
sanctissimi	4	0.004	False	sanctissim
patricio	4	0.004	False	patrici
tinmuthensi	4	0.004	True	tinmuthens
faganus	4	0.004	True	fagan
diligentius	4	0.004	False	diligenti
extare	4	0.004	False	extar
dedicaverunt	4	0.004	False	dedicaverunt
ministerium	4	0.004	False	minister
expulsis	4	0.004	False	expuls
statuerunt	4	0.004	False	statuerunt
archiflaminum	4	0.004	False	archiflamin
instituti	4	0.004	False	institut
duviano	4	0.004	True	duvian
londoniis	4	0.004	True	londoni
deira	4	0.004	True	deir
gervasius	4	0.004	True	gervasi
alphredus	4	0.004	False	alphred
beverlacensis	4	0.004	True	beverlacens
praesulibus	4	0.004	False	praesul
londoniae	4	0.004	True	londoni
consecraverunt	4	0.004	False	consecraverunt
sufficienter	4	0.004	False	sufficienter
omnipotentis	4	0.004	False	omnipotent
exteros	4	0.004	False	exter
vitas	4	0.004	False	vit
vocabant	4	0.004	False	vocabant
mandato	4	0.004	False	mandat
descriptum	4	0.004	False	descript
nominum	4	0.004	False	nomin
huntingdoniensem	4	0.004	True	huntingdoniens
arvonia	4	0.004	True	arvoni
collocatum	4	0.004	False	collocat
referenda	4	0.004	False	referend
humfredus	4	0.004	True	humfred
lhuydus	4	0.004	True	lhuyd
felix	4	0.004	False	felix
cantabrigiam	4	0.004	True	cantabrigi
anglosaxonicis	4	0.004	True	anglosaxonic
aedificatam	4	0.004	False	aedificat
londin	4	0.004	False	londin
cantuaria	4	0.004	True	cantuari
iidem	4	0.004	False	iid
florentio	4	0.004	True	florenti
apparuit	4	0.004	False	apparuit
puto	4	0.004	False	put
iscam	4	0.004	True	isc
silurum	4	0.004	True	silur
sylva	4	0.004	False	sylv
vocabuli	4	0.004	False	vocabul
cestrensi	4	0.004	True	cestrens
conscripti	4	0.004	False	conscript
reperimus	4	0.004	False	reperim
daniel	4	0.004	True	daniel
armat	4	0.004	False	armat
vulgus	4	0.004	False	vulg
archiepiscopalem	4	0.004	False	archiepiscopal
theonus	4	0.004	True	theon
construxisse	4	0.004	False	construxiss
ortam	4	0.004	False	ort
scientia	4	0.004	False	scienti
londoniarum	4	0.004	True	london
opinione	4	0.004	False	opinion
justa	4	0.004	False	just
interposito	4	0.004	False	interposit
postremus	4	0.004	False	postrem
occupata	4	0.004	False	occupat
wendoverius	4	0.004	True	wendoveri
habuerat	4	0.004	False	habuerat
dicentis	4	0.004	False	dicent
primarum	4	0.004	False	pri
bonifacium	4	0.004	True	bonifac
bonifacii	4	0.004	True	bonifaci
dorobernia	4	0.004	True	doroberni
interjectis	4	0.004	False	interject
metropolitanae	4	0.004	False	metropolitan
praecipimus	4	0.004	False	praecipim
leonem	4	0.004	True	leon
dialog	4	0.004	False	dialog
beatissimo	4	0.004	False	beatissim
dorobernensis	4	0.004	True	dorobernens
pallii	4	0.004	False	palli
conscriptus	4	0.004	False	conscript
conditum	4	0.004	False	condit
londoniam	4	0.004	True	londoni
veruntamen	4	0.004	False	veruntamen
hospitis	4	0.004	False	hospit
charitate	4	0.004	False	charitat
translatus	4	0.004	False	translat
futura	4	0.004	False	futur
reditu	4	0.004	False	reditu
caradocus	4	0.004	True	caradoc
urbium	4	0.004	False	urb
theodosium	4	0.004	True	theod
consulere	4	0.004	False	consuler
enarrans	4	0.004	False	enarran
merlino	4	0.004	True	merlin
tribuitur	4	0.004	False	tribuitur
septimus	4	0.004	False	septim
armoricum	4	0.004	True	armoric
appellant	4	0.004	False	appellant
memoratus	4	0.004	False	memorat
dolensi	4	0.004	True	dolens
sequentia	4	0.004	False	sequenti
nuncupatus	4	0.004	False	nuncupat
iltuti	4	0.004	True	iltut
impress	4	0.004	False	impres
maglorii	4	0.004	True	maglori
trithem	4	0.004	False	trith
morbo	4	0.004	False	morb
gall	4	0.004	True	gall
vicinis	4	0.004	False	vicin
venere	4	0.004	False	vener
spirituali	4	0.004	False	spiritual
linguae	4	0.004	False	lingu
consecratus	4	0.004	False	consecrat
theliaum	4	0.004	True	thelia
theliaus	4	0.004	True	thelia
annuente	4	0.004	False	annuent
menses	4	0.004	False	mens
cambrensi	4	0.004	True	cambrens
sim	4	0.004	True	si
amoena	4	0.004	False	amoen
leg	4	0.004	False	leg
ignorem	4	0.004	False	ignor
regularium	4	0.004	False	regular
insignita	4	0.004	False	insignit
constituerunt	4	0.004	False	constituerunt
cambr	4	0.004	False	cambr
australis	4	0.004	False	austral
cambrobritanni	4	0.004	False	cambrobritann
perhibent	4	0.004	False	perhibent
remensi	4	0.004	True	remens
landavenses	4	0.004	True	landavens
lelando	4	0.004	True	leland
regeret	4	0.004	False	regeret
conano	4	0.004	True	conan
menevia	4	0.004	True	menevi
moram	4	0.004	False	mor
eliud	4	0.004	True	eliud
tenuisse	4	0.004	False	tenuiss
coacti	4	0.004	False	coact
walliam	4	0.004	True	walli
graece	4	0.004	False	graec
immediate	4	0.004	False	immediat
bernardus	4	0.004	True	bernard
occupavit	4	0.004	False	occupavit
religiosi	4	0.004	False	religios
abbatibus	4	0.004	False	abbat
consule	4	0.004	False	consul
bangorensis	4	0.004	True	bangorens
humfred	4	0.004	False	humfred
domos	4	0.004	False	dom
praecepit	4	0.004	False	praecepit
numerantur	4	0.004	False	numerantur
persequitur	4	0.004	False	persequitur
paterni	4	0.004	False	patern
monarcha	4	0.004	False	monarch
electione	4	0.004	False	election
grex	4	0.004	False	grex
sabrinam	4	0.004	True	sabrin
proximo	4	0.004	False	proxim
datus	4	0.004	False	dat
confinio	4	0.004	False	confini
colloquium	4	0.004	False	colloqu
septima	4	0.004	False	septim
continuavit	4	0.004	False	continuavit
accepto	4	0.004	False	accept
gentilitatis	4	0.004	False	gentilitat
imperialibus	4	0.004	False	imperial
flavia	4	0.004	True	flavi
nuncupata	4	0.004	False	nuncupat
aquis	4	0.004	False	aqu
distincta	4	0.004	False	distinct
saxonica	4	0.004	True	saxonic
ordo	4	0.004	False	ord
lugdunensem	4	0.004	True	lugdunens
editae	4	0.004	False	edit
romanarum	4	0.004	True	roman
augustum	4	0.004	True	august
vicarium	4	0.004	False	vicar
constitutio	4	0.004	False	constituti
accipiendum	4	0.004	False	accipiend
epistolis	4	0.004	False	epistol
aliena	4	0.004	False	alien
collocata	4	0.004	False	collocat
gratianus	4	0.004	True	gratian
neutiquam	4	0.004	False	neutiqu
senioris	4	0.004	False	senior
rectorem	4	0.004	False	rector
imper	4	0.004	False	imper
historiis	4	0.004	False	histori
publicam	4	0.004	False	public
primatem	4	0.004	False	primat
ammiano	4	0.004	True	ammian
palatium	4	0.004	False	palat
audiendus	4	0.004	False	audiend
tur	4	0.004	False	tur
aaronis	4	0.004	True	aaron
crediderunt	4	0.004	False	crediderunt
apologiae	4	0.004	False	apologi
notas	4	0.004	False	not
saxonicis	4	0.004	True	saxonic
nullatenus	4	0.004	False	nullaten
perlatas	4	0.004	False	perlat
aliqui	4	0.004	False	aliqu
eae	4	0.004	False	e
commodum	4	0.004	False	commod
interpolatore	4	0.004	False	interpolator
correctionem	4	0.004	False	correction
protectione	4	0.004	False	protection
concordiam	4	0.004	False	concordi
defendere	4	0.004	False	defender
absit	4	0.004	False	absit
omnipotens	4	0.004	False	omnipoten
sapere	4	0.004	False	saper
app	4	0.004	False	app
judicantes	4	0.004	False	judicant
ingressi	4	0.004	False	ingress
oratorio	4	0.004	False	oratori
altissimi	4	0.004	False	altissim
praefata	4	0.004	False	praefat
eisdem	4	0.004	False	eisd
astruere	4	0.004	False	astruer
repertis	4	0.004	False	repert
opusculo	4	0.004	False	opuscul
dicata	4	0.004	False	dicat
observat	4	0.004	False	observat
magnifice	4	0.004	False	magnific
egregie	4	0.004	False	egregi
liberalitate	4	0.004	False	liberalitat
nactus	4	0.004	False	nact
indictione	4	0.004	False	indiction
obtulit	4	0.004	False	obtulit
eleganti	4	0.004	False	elegant
habuerunt	4	0.004	False	habuerunt
occupatam	4	0.004	False	occupat
nationis	4	0.004	False	nation
beorwaldum	4	0.004	True	beorwald
viventes	4	0.004	False	vivent
sidus	4	0.004	False	sid
veneratione	4	0.004	False	veneration
devoniae	4	0.004	False	devoni
scire	4	0.004	False	scir
interveniente	4	0.004	False	intervenient
confirmata	4	0.004	False	confirmat
nobiliter	4	0.004	False	nobiliter
solitus	4	0.004	False	solit
confirmante	4	0.004	False	confirmant
coelis	4	0.004	False	coel
manum	4	0.004	False	man
pedum	4	0.004	False	ped
northanhumbrorum	4	0.004	True	northanhumbr
observatum	4	0.004	False	observat
opiniones	4	0.004	False	opinion
venerandi	4	0.004	False	venerand
silentium	4	0.004	False	silent
inclytus	4	0.004	False	inclyt
admonitus	4	0.004	False	admonit
inclitus	4	0.004	False	inclit
tumbam	4	0.004	False	tumb
pulverem	4	0.004	False	pulver
ingenti	4	0.004	False	ingent
exponat	4	0.004	False	exponat
leland	4	0.004	False	leland
assert	4	0.004	False	assert
avunculum	4	0.004	False	avuncul
inventione	4	0.004	False	invention
addens	4	0.004	False	adden
ullus	4	0.004	False	ull
os	4	0.004	False	
wintoniensium	4	0.004	True	wintonien
oculos	4	0.004	False	ocul
longa	4	0.004	False	long
articulis	4	0.004	False	articul
motus	4	0.004	False	mot
certa	4	0.004	False	cert
auro	4	0.004	False	aur
debuit	4	0.004	False	debuit
mons	4	0.004	False	mon
willielmo	4	0.004	False	willielm
avo	4	0.004	False	av
ejusd	4	0.004	False	ejusd
comite	4	0.004	False	comit
cujuslibet	4	0.004	False	cujuslibet
occasio	4	0.004	False	occasi
habitantes	4	0.004	False	habitant
territoria	4	0.004	False	territori
agris	4	0.004	False	agr
rudburni	4	0.004	True	rudburn
lumine	4	0.004	False	lumin
gaufridus	4	0.004	True	gaufrid
reus	4	0.004	False	re
extunc	4	0.004	False	extunc
cornu	4	0.004	False	cornu
deleta	4	0.004	False	delet
dedicata	4	0.004	False	dedicat
ccccxi	4	0.004	True	ccccx
mensis	4	0.004	False	mens
clamat	4	0.004	False	clamat
poetarum	4	0.004	False	poet
prodigia	4	0.004	False	prodigi
ostendentes	4	0.004	False	ostendent
trecentos	4	0.004	False	trecent
effectus	4	0.004	False	effect
comgallus	4	0.004	True	comgall
conveniret	4	0.004	False	conveniret
vicino	4	0.004	False	vicin
distat	4	0.004	False	distat
retulimus	4	0.004	False	retulim
privatis	4	0.004	False	privat
exempla	4	0.004	False	exempl
tulit	4	0.004	False	tulit
fallor	4	0.004	False	fallor
alpes	4	0.004	True	alp
rhaetia	4	0.004	True	rhaeti
demus	4	0.004	False	dem
lapidum	4	0.004	False	lapid
aegre	4	0.004	False	aegr
supplicium	4	0.004	False	supplic
statuens	4	0.004	False	statuen
diademate	4	0.004	False	diademat
dicendum	4	0.004	False	dicend
claudiocestriae	4	0.004	True	claudiocestri
superioris	4	0.004	False	superior
herculio	4	0.004	True	herculi
amphibalo	4	0.004	True	amphibal
confundit	4	0.004	False	confundit
observavit	4	0.004	False	observavit
deducit	4	0.004	False	deducit
expulsa	4	0.004	False	expuls
patet	4	0.004	False	patet
ezechielem	4	0.004	True	ezechiel
oriens	4	0.004	False	orien
occidens	4	0.004	False	occiden
vestigiis	4	0.004	False	vestigi
foeminis	4	0.004	False	foemin
calend	4	0.004	False	calend
plebem	4	0.004	False	pleb
robert	4	0.004	False	robert
somniavit	4	0.004	False	somniavit
membrorum	4	0.004	False	membr
gloriosi	4	0.004	False	glorios
animarum	4	0.004	False	ani
profert	4	0.004	False	profert
verolamio	4	0.004	True	verolami
canens	4	0.004	False	canen
opusculum	4	0.004	False	opuscul
colonienses	4	0.004	True	coloniens
pertulit	4	0.004	False	pertulit
sacram	4	0.004	False	sacr
explicavit	4	0.004	False	explicavit
consueverunt	4	0.004	False	consueverunt
solemniter	4	0.004	False	solemniter
indutus	4	0.004	False	indut
militibus	4	0.004	False	milit
cuculla	4	0.004	False	cucull
effusa	4	0.004	False	effus
acceperat	4	0.004	False	acceperat
capitalem	4	0.004	False	capital
asseres	4	0.004	False	asser
idiomate	4	0.004	False	idiomat
narrationis	4	0.004	False	narration
vestigia	4	0.004	False	vestigi
continebantur	4	0.004	False	continebantur
traducta	4	0.004	False	traduct
prodierunt	4	0.004	False	prodierunt
prodiisse	4	0.004	False	prodiiss
occurrat	4	0.004	False	occurrat
latini	4	0.004	True	latin
interpretem	4	0.004	False	interpret
coeperit	4	0.004	False	coeperit
invictus	4	0.004	False	invict
transiens	4	0.004	False	transien
hospitium	4	0.004	False	hospit
occultare	4	0.004	False	occultar
vinculis	4	0.004	False	vincul
miserum	4	0.004	False	m
rudis	4	0.004	False	rud
amor	4	0.004	False	amor
claudit	4	0.004	False	claudit
devotionis	4	0.004	False	devotion
gallicum	4	0.004	True	gallic
sanguinem	4	0.004	False	sanguin
progressu	4	0.004	False	progressu
apostrophe	4	0.004	False	apostroph
infelix	4	0.004	False	infelix
martyrem	4	0.004	False	martyr
irae	4	0.004	False	ir
consortes	4	0.004	False	consort
fiunt	4	0.004	False	fiunt
clericus	4	0.004	False	cleric
ritum	4	0.004	False	rit
civem	4	0.004	False	civ
capitali	4	0.004	False	capital
ferro	4	0.004	False	ferr
noctem	4	0.004	False	noct
milites	4	0.004	False	milit
paululum	4	0.004	False	paulul
hilari	4	0.004	True	hilar
genera	4	0.004	False	gener
interfecti	4	0.004	False	interfect
impiorum	4	0.004	False	imp
scholarium	4	0.004	False	scholar
igne	4	0.004	False	ign
electi	4	0.004	False	elect
titulis	4	0.004	False	titul
signis	4	0.004	False	sign
veritati	4	0.004	False	veritat
pedes	4	0.004	False	ped
prospere	4	0.004	False	prosper
pulchritudinem	4	0.004	False	pulchritudin
diocletianus	4	0.004	True	diocletian
crudeliter	4	0.004	False	crudeliter
retro	4	0.004	False	retr
passio	4	0.004	False	passi
denotat	4	0.004	False	denotat
degebat	4	0.004	False	degebat
gaudium	4	0.004	False	gaud
rabani	4	0.004	True	raban
cervicibus	4	0.004	False	cervic
milite	4	0.004	False	milit
proposuit	4	0.004	False	proposuit
indignum	4	0.004	False	indign
hoste	4	0.004	False	host
triumpho	4	0.004	False	triumph
subsequitur	4	0.004	False	subsequitur
calendis	4	0.004	True	calend
aedes	4	0.004	False	aed
praecedentium	4	0.004	False	praecedent
capere	4	0.004	False	caper
rhetor	4	0.004	True	rhetor
noverat	4	0.004	False	noverat
arianae	4	0.004	True	arian
adfuerunt	4	0.004	False	adfuerunt
augustodunensis	4	0.004	True	augustodunens
nicephori	4	0.004	True	nicephor
asia	4	0.004	True	asi
ortu	4	0.004	False	ortu
fecisti	4	0.004	False	fecist
laudes	4	0.004	False	laud
natam	4	0.004	False	nat
crevit	4	0.004	False	crevit
creatus	4	0.004	False	creat
genuisse	4	0.004	False	genuiss
jornandes	4	0.004	True	jornand
vicinum	4	0.004	False	vicin
persarum	4	0.004	True	per
publicis	4	0.004	False	public
plurimum	4	0.004	False	plurim
sentiunt	4	0.004	False	sentiunt
domi	4	0.004	False	dom
stabularia	4	0.004	False	stabulari
maluit	4	0.004	False	maluit
majoribus	4	0.004	False	major
justiniani	4	0.004	True	justinian
conceptam	4	0.004	False	concept
helenopolim	4	0.004	True	helenopoli
constantinopolitanus	4	0.004	True	constantinopolitan
movet	4	0.004	False	movet
firmici	4	0.004	True	firmic
retinuisse	4	0.004	False	retinuiss
naisum	4	0.004	True	nais
illyrico	4	0.004	True	illyric
deprehendi	4	0.004	False	deprehend
praefectura	4	0.004	False	praefectur
orosii	4	0.004	True	orosi
constantinopolim	4	0.004	True	constantinopoli
admiranda	4	0.004	False	admirand
animus	4	0.004	False	anim
tecum	4	0.004	False	tec
utinam	4	0.004	False	utin
vixerunt	4	0.004	False	vixerunt
incidisse	4	0.004	False	incidiss
manifesto	4	0.004	False	manifest
negotium	4	0.004	False	negot
domestica	4	0.004	False	domestic
credamus	4	0.004	False	credam
incertum	4	0.004	False	incert
affectum	4	0.004	False	affect
cornelius	4	0.004	True	corneli
valerius	4	0.004	True	valeri
abingdoniensis	4	0.004	True	abingdoniens
celebritate	4	0.004	False	celebritat
renovant	4	0.004	False	renovant
construunt	4	0.004	False	construunt
basilicam	4	0.004	False	basilic
cessante	4	0.004	False	cessant
publicum	4	0.004	False	public
arelatense	4	0.004	True	arelatens
exinde	4	0.004	False	exind
cunctas	4	0.004	False	cunct
usi	4	0.004	False	us
gratianum	4	0.004	True	gratian
antiochenus	4	0.004	True	antiochen
valentinianum	4	0.004	True	valentinian
mens	4	0.004	False	men
obscure	4	0.004	False	obscur
societatem	4	0.004	False	societat
fordonus	4	0.004	True	fordon
expulsi	4	0.004	False	expuls
aliquibus	4	0.004	False	aliqu
nimia	4	0.004	False	nimi
acriter	4	0.004	False	acriter
soboles	4	0.004	False	sobol
laboris	4	0.004	False	labor
meminerit	4	0.004	False	meminerit
editioni	4	0.004	False	edition
parisiis	4	0.004	True	parisi
queis	4	0.004	False	que
aperuit	4	0.004	False	aperuit
melania	4	0.004	True	melani
rufin	4	0.004	False	rufin
quaerit	4	0.004	False	quaerit
constantinopoli	4	0.004	True	constantinopol
audivit	4	0.004	False	audivit
meminimus	4	0.004	False	meminim
mortua	4	0.004	False	mortu
qualem	4	0.004	False	qual
diceretur	4	0.004	False	diceretur
deberet	4	0.004	False	deberet
adjutoribus	4	0.004	False	adjutor
semipelagianos	4	0.004	True	semipelagian
campano	4	0.004	True	campan
nobiscum	4	0.004	False	nobisc
erupit	4	0.004	False	erupit
magistros	4	0.004	False	magistr
assertores	4	0.004	False	assertor
celestiani	4	0.004	True	celestian
nutritus	4	0.004	False	nutrit
episcopalia	4	0.004	False	episcopali
african	4	0.004	False	african
infamiam	4	0.004	False	infami
capitulorum	4	0.004	False	capitul
augustinian	4	0.004	True	augustinian
sextum	4	0.004	False	sext
execrabili	4	0.004	False	execrabil
milevitana	4	0.004	True	milevitan
tertius	4	0.004	False	terti
justello	4	0.004	False	justell
recenti	4	0.004	False	recent
quinquennium	4	0.004	False	quinquenn
menard	4	0.004	False	menard
exilium	4	0.004	False	exil
con	4	0.004	False	con
virtutes	4	0.004	False	virtut
posteaquam	4	0.004	False	posteaqu
coeperat	4	0.004	False	coeperat
peccaret	4	0.004	False	peccaret
culpam	4	0.004	False	culp
destruere	4	0.004	False	destruer
necessarium	4	0.004	False	necessar
putavi	4	0.004	False	putav
crederetur	4	0.004	False	crederetur
manichaei	4	0.004	True	manichae
solam	4	0.004	False	sol
collega	4	0.004	False	colleg
sequentem	4	0.004	False	sequent
dialogi	4	0.004	False	dialog
exarata	4	0.004	False	exarat
zenonis	4	0.004	True	zenon
pleros	4	0.004	False	pler
praedicant	4	0.004	False	praedicant
praestitit	4	0.004	False	praestitit
respondi	4	0.004	False	respond
opportunum	4	0.004	False	opportun
infamare	4	0.004	False	infamar
locuti	4	0.004	False	locut
intelligens	4	0.004	False	intelligen
faciendam	4	0.004	False	faciend
suspicione	4	0.004	False	suspicion
negotio	4	0.004	False	negoti
definitiones	4	0.004	False	definition
quaestiones	4	0.004	False	quaestion
impietatis	4	0.004	False	impietat
commendat	4	0.004	False	commendat
eruditionis	4	0.004	False	erudition
peccandi	4	0.004	False	peccand
invidiam	4	0.004	False	invidi
negando	4	0.004	False	negand
misericordiam	4	0.004	False	misericordi
officia	4	0.004	False	offici
persuadere	4	0.004	False	persuader
adolescentes	4	0.004	False	adolescent
servata	4	0.004	False	servat
textum	4	0.004	False	text
refutare	4	0.004	False	refutar
calliditate	4	0.004	False	calliditat
orosium	4	0.004	True	or
suarez	4	0.004	True	suarez
avitus	4	0.004	True	avit
sacerdotibus	4	0.004	False	sacerdot
praesentis	4	0.004	False	praesent
liberius	4	0.004	False	liberi
animos	4	0.004	False	anim
personam	4	0.004	False	person
responsione	4	0.004	False	responsion
laicus	4	0.004	False	laic
professionis	4	0.004	False	profession
diospolitanae	4	0.004	True	diospolitan
interrogatus	4	0.004	False	interrogat
luc	4	0.004	False	luc
actione	4	0.004	False	action
viderint	4	0.004	False	viderint
decretum	4	0.004	False	decret
beatitudinis	4	0.004	False	beatitudin
avito	4	0.004	True	avit
adjuvari	4	0.004	False	adjuvar
fiat	4	0.004	False	fiat
capitulis	4	0.004	False	capitul
communionis	4	0.004	False	communion
consortium	4	0.004	False	consort
credendum	4	0.004	False	credend
conscientiam	4	0.004	False	conscienti
certius	4	0.004	False	certi
purgatus	4	0.004	False	purgat
nefandi	4	0.004	False	nefand
damnare	4	0.004	False	damnar
respondisse	4	0.004	False	respondiss
dilectionem	4	0.004	False	dilection
impetu	4	0.004	False	impetu
solius	4	0.004	False	soli
bonam	4	0.004	False	bon
generaliter	4	0.004	False	generaliter
vertere	4	0.004	False	verter
acceptae	4	0.004	False	accept
vincit	4	0.004	False	vincit
oportere	4	0.004	False	oporter
sanitas	4	0.004	False	sanit
quapropter	4	0.004	False	quapropter
agitur	4	0.004	False	agitur
innocentius	4	0.004	True	innocenti
palladii	4	0.004	True	palladi
sciat	4	0.004	False	sciat
decet	4	0.004	False	decet
cyrillum	4	0.004	True	cyrill
constare	4	0.004	False	constar
epistol	4	0.004	False	epistol
fas	4	0.004	False	f
damnaret	4	0.004	False	damnaret
libellis	4	0.004	False	libell
adjectum	4	0.004	False	adject
possidii	4	0.004	True	possidi
universalis	4	0.004	False	universal
firmare	4	0.004	False	firmar
damnas	4	0.004	False	damn
absoluta	4	0.004	False	absolut
emendationis	4	0.004	False	emendation
approbata	4	0.004	False	approbat
parvulis	4	0.004	False	parvul
dolos	4	0.004	False	dol
oves	4	0.004	False	ov
intellecta	4	0.004	False	intellect
pravae	4	0.004	False	prav
biennium	4	0.004	False	bienn
singularis	4	0.004	False	singular
nequitiae	4	0.004	False	nequiti
amantissime	4	0.004	False	amantissim
mors	4	0.004	False	mor
possimus	4	0.004	False	possim
putaverit	4	0.004	False	putaverit
humiliter	4	0.004	False	humiliter
peccatores	4	0.004	False	peccator
antistitibus	4	0.004	False	antistit
addendum	4	0.004	False	addend
prolata	4	0.004	False	prolat
alypium	4	0.004	True	alyp
debemus	4	0.004	False	debem
perversitatem	4	0.004	False	perversitat
lenius	4	0.004	False	leni
ullis	4	0.004	False	ull
bonitate	4	0.004	False	bonitat
prostrata	4	0.004	False	prostrat
commentarii	4	0.004	False	commentari
concupiscent	4	0.004	False	concupiscent
coloniam	4	0.004	True	coloni
obtentu	4	0.004	False	obtentu
adamus	4	0.004	True	adam
codex	4	0.004	False	codex
fatum	4	0.004	False	fat
subscriptionem	4	0.004	False	subscription
odium	4	0.004	False	od
detur	4	0.004	False	detur
piceni	4	0.004	True	picen
ccccxx	4	0.004	True	ccccxx
placidiae	4	0.004	True	placidi
nunciatum	4	0.004	False	nunciat
januarii	4	0.004	True	januari
viderentur	4	0.004	False	viderentur
correctionis	4	0.004	False	correction
calumnia	4	0.004	False	calumni
gratis	4	0.004	False	grat
praefat	4	0.004	False	praefat
cassiano	4	0.004	True	cassian
massilienses	4	0.004	True	massiliens
magnis	4	0.004	False	magn
primos	4	0.004	False	prim
impetus	4	0.004	False	impet
vandalorum	4	0.004	True	vandal
potes	4	0.004	False	pot
opem	4	0.004	False	op
falsitatis	4	0.004	False	falsitat
disput	4	0.004	False	disput
raynaudi	4	0.004	True	raynaud
acies	4	0.004	False	aci
victores	4	0.004	False	victor
sana	4	0.004	False	san
legunt	4	0.004	False	legunt
gennadio	4	0.004	True	gennadi
montibus	4	0.004	False	mont
menardus	4	0.004	True	menard
aetius	4	0.004	True	aeti
andr	4	0.004	True	andr
verisimilitudinis	4	0.004	False	verisimilitudin
leporius	4	0.004	True	lepori
naturis	4	0.004	False	natur
nestorius	4	0.004	True	nestori
satisfactionis	4	0.004	False	satisfaction
incarnat	4	0.004	False	incarnat
trecensis	4	0.004	True	trecens
vincentium	4	0.004	True	vincent
arelatens	4	0.004	False	arelaten
negotii	4	0.004	False	negoti
veste	4	0.004	False	vest
populus	4	0.004	False	popul
sociatis	4	0.004	False	sociat
sanguis	4	0.004	False	sangu
pulveris	4	0.004	False	pulver
cot	4	0.004	False	cot
transmarinas	4	0.004	False	transmarin
castra	4	0.004	False	castr
exercitum	4	0.004	False	exercit
francor	4	0.004	False	francor
antissiodorensem	4	0.004	True	antissiodorens
bella	4	0.004	False	bell
stilichonis	4	0.004	True	stilichon
litore	4	0.004	False	litor
valida	4	0.004	False	valid
theologiae	4	0.004	False	theologi
reiensem	4	0.004	True	reiens
chronolog	4	0.004	False	chronolog
prosperum	4	0.004	True	prosp
florus	4	0.004	True	flor
celestianorum	4	0.004	True	celestian
utero	4	0.004	False	uter
fraudis	4	0.004	False	fraud
xysto	4	0.004	True	xyst
pugnam	4	0.004	False	pugn
legati	4	0.004	False	legat
sliam	4	0.004	True	sli
saxoniam	4	0.004	True	saxoni
albim	4	0.004	True	albi
australes	4	0.004	False	austral
cantuarios	4	0.004	True	cantuari
maritima	4	0.004	False	maritim
tyne	4	0.004	True	tyn
frisones	4	0.004	True	frison
apologia	4	0.004	False	apologi
decad	4	0.004	False	decad
procop	4	0.004	False	procop
trajecisse	4	0.004	False	trajeciss
geminis	4	0.004	False	gemin
decium	4	0.004	True	dec
collectis	4	0.004	False	collect
oisc	4	0.004	True	oisc
commisso	4	0.004	False	commiss
sidonii	4	0.004	True	sidoni
meroveum	4	0.004	True	merove
horsam	4	0.004	True	hors
hengest	4	0.004	True	hengest
aesc	4	0.004	True	aesc
childerico	4	0.004	False	childeric
childerici	4	0.004	True	childeric
hengist	4	0.004	True	hengist
ambrii	4	0.004	True	ambri
subjecisse	4	0.004	False	subjeciss
fugientes	4	0.004	False	fugient
batavorum	4	0.004	True	batav
badonici	4	0.004	True	badonic
fulgentii	4	0.004	True	fulgenti
lancarvanensi	4	0.004	True	lancarvanens
aurelianum	4	0.004	True	aurelian
uther	4	0.004	True	uther
conspiciuntur	4	0.004	False	conspiciuntur
cerdicum	4	0.004	False	cerdic
gewisaeorum	4	0.004	True	gewis
dagon	4	0.004	True	dagon
antiquitates	3	0.003	False	antiquitat
zebedaei	3	0.003	True	zebedae
simone	3	0.003	False	simon
priscae	3	0.003	False	prisc
republica	3	0.003	False	republic
spem	3	0.003	False	sp
dubitet	3	0.003	False	dubitet
tyrannorum	3	0.003	False	tyrann
porphyrius	3	0.003	False	porphyri
he	3	0.003	False	h
reponendus	3	0.003	False	reponend
arcessere	3	0.003	False	arcesser
consuevisse	3	0.003	False	consueviss
gentilis	3	0.003	False	gentil
perhibet	3	0.003	False	perhibet
fluvios	3	0.003	False	fluvi
divinus	3	0.003	False	divin
multitudines	3	0.003	False	multitudin
variae	3	0.003	False	vari
cunctarum	3	0.003	False	cunct
voces	3	0.003	False	voc
scripturas	3	0.003	True	scriptur
ezechiel	3	0.003	True	ezechiel
obedientiam	3	0.003	False	obedienti
constitui	3	0.003	False	constitu
profecti	3	0.003	False	profect
occultum	3	0.003	False	occult
principe	3	0.003	False	princip
integre	3	0.003	False	integr
ultimum	3	0.003	False	ultim
tiberius	3	0.003	False	tiberi
senatum	3	0.003	False	senat
consulto	3	0.003	False	consult
syria	3	0.003	True	syri
divinitatis	3	0.003	False	divinitat
detulit	3	0.003	False	detulit
sensibus	3	0.003	False	sen
initiis	3	0.003	False	initi
cultus	3	0.003	False	cult
expers	3	0.003	False	exper
tertul	3	0.003	False	tertul
velociter	3	0.003	False	velociter
notus	3	0.003	False	not
coeptum	3	0.003	False	coept
vulgatae	3	0.003	False	vulgat
caesis	3	0.003	False	caes
connumerat	3	0.003	False	connumerat
theodoretus	3	0.003	True	theodoret
indos	3	0.003	True	ind
germanos	3	0.003	True	german
mar	3	0.003	False	mar
caesaraugustani	3	0.003	True	caesaraugustan
historiali	3	0.003	False	historial
garsia	3	0.003	True	garsi
perrexit	3	0.003	False	perrexit
perrexerunt	3	0.003	False	perrexerunt
quieverunt	3	0.003	False	quieverunt
quievisse	3	0.003	False	quieviss
ricemarchus	3	0.003	True	ricemarch
sulgeni	3	0.003	True	sulgen
rum	3	0.003	False	r
cadaver	3	0.003	False	cadaver
alicubi	3	0.003	False	alicub
exaratum	3	0.003	False	exarat
dictos	3	0.003	False	dict
pertulisse	3	0.003	False	pertuliss
versatum	3	0.003	False	versat
moratum	3	0.003	False	morat
niceph	3	0.003	False	niceph
menolog	3	0.003	True	menolog
metaphrast	3	0.003	False	metaphrast
adfuit	3	0.003	False	adfuit
praedicatio	3	0.003	False	praedicati
impleatur	3	0.003	False	impleatur
festo	3	0.003	False	fest
attulit	3	0.003	False	attulit
jacent	3	0.003	False	jacent
utilitatem	3	0.003	False	utilitat
basil	3	0.003	False	basil
adamo	3	0.003	True	adam
eccl	3	0.003	False	eccl
theodoret	3	0.003	False	theodoret
rob	3	0.003	False	rob
auctorem	3	0.003	False	auctor
consummavit	3	0.003	False	consummavit
callist	3	0.003	False	callist
chrysost	3	0.003	False	chrysost
illustrem	3	0.003	False	illustr
sortitus	3	0.003	False	sortit
persuasit	3	0.003	False	persuasit
corrigenda	3	0.003	False	corrigend
salomes	3	0.003	True	salom
passa	3	0.003	False	pass
pateretur	3	0.003	False	pateretur
andreae	3	0.003	True	andre
ducente	3	0.003	False	ducent
metaphrastam	3	0.003	False	metaphrast
commemorantur	3	0.003	False	commemorantur
cecinit	3	0.003	False	cecinit
formae	3	0.003	False	form
matres	3	0.003	False	matr
peregrina	3	0.003	False	peregrin
aquas	3	0.003	False	aqu
perpetuo	3	0.003	False	perpetu
diligat	3	0.003	False	diligat
apposuit	3	0.003	False	apposuit
carm	3	0.003	False	car
cernere	3	0.003	False	cerner
oblitus	3	0.003	False	oblit
insaniam	3	0.003	False	insani
personius	3	0.003	True	personi
trajano	3	0.003	True	trajan
deductum	3	0.003	False	deduct
trajani	3	0.003	True	trajan
hadrian	3	0.003	False	hadrian
imp	3	0.003	False	imp
gerente	3	0.003	False	gerent
neronem	3	0.003	False	neron
versiculis	3	0.003	False	versicul
senis	3	0.003	False	sen
exhibere	3	0.003	False	exhiber
adela	3	0.003	True	adel
triumphum	3	0.003	False	triumph
formidine	3	0.003	False	formidin
evangelista	3	0.003	False	evangelist
crescebat	3	0.003	False	crescebat
invidiae	3	0.003	False	invidi
judaeorum	3	0.003	True	jud
stephanum	3	0.003	True	stephan
procella	3	0.003	False	procell
saeviente	3	0.003	False	saevient
adiens	3	0.003	False	adien
baptizavit	3	0.003	False	baptizavit
elegit	3	0.003	False	elegit
assumptione	3	0.003	False	assumption
commutare	3	0.003	False	commutar
successive	3	0.003	False	successiv
hidae	3	0.003	False	hid
visione	3	0.003	False	vision
inferius	3	0.003	False	inferi
torquatis	3	0.003	False	torquat
virgini	3	0.003	False	virgin
devota	3	0.003	False	devot
obsequia	3	0.003	False	obsequi
necessitatibus	3	0.003	False	necessitat
blesensis	3	0.003	True	blesens
misericordiae	3	0.003	False	misericordi
exortae	3	0.003	False	exort
lazarum	3	0.003	False	laz
pulsos	3	0.003	False	puls
tacet	3	0.003	False	tacet
discriminis	3	0.003	False	discrimin
arimathaea	3	0.003	True	arimathae
praedica	3	0.003	False	praedic
gallican	3	0.003	False	gallican
lazaro	3	0.003	True	lazar
exulare	3	0.003	False	exular
massiliensem	3	0.003	True	massiliens
recepta	3	0.003	False	recept
festis	3	0.003	False	fest
transire	3	0.003	False	transir
tenuerunt	3	0.003	False	tenuerunt
arviragus	3	0.003	True	arvirag
fabella	3	0.003	False	fabell
ingens	3	0.003	False	ingen
complectens	3	0.003	False	complecten
salubri	3	0.003	False	salubr
venerandae	3	0.003	False	venerand
audierat	3	0.003	False	audierat
graal	3	0.003	True	graal
eremitae	3	0.003	False	eremit
deposuit	3	0.003	False	deposuit
profunda	3	0.003	False	profund
gradatim	3	0.003	False	gradati
continens	3	0.003	False	continen
materia	3	0.003	False	materi
suprema	3	0.003	False	suprem
auxit	3	0.003	False	auxit
artem	3	0.003	False	art
sapiens	3	0.003	False	sapien
morbi	3	0.003	False	morb
pellerentur	3	0.003	False	pellerentur
forcatul	3	0.003	False	forcatul
philosophia	3	0.003	False	philosophi
ulterius	3	0.003	False	ulteri
fundator	3	0.003	False	fundator
jesus	3	0.003	False	jes
dotatum	3	0.003	False	dotat
walsinghamio	3	0.003	True	walsinghami
concessae	3	0.003	False	concess
servientes	3	0.003	False	servient
parvo	3	0.003	False	parv
evangelio	3	0.003	False	evangeli
salutifera	3	0.003	False	salutifer
fruge	3	0.003	False	frug
magnificum	3	0.003	False	magnific
accendit	3	0.003	False	accendit
recepisse	3	0.003	False	recepiss
ductus	3	0.003	False	duct
optimo	3	0.003	False	optim
valle	3	0.003	False	vall
harfeldius	3	0.003	True	harfeldi
franciam	3	0.003	True	franci
glastoniensibus	3	0.003	True	glastonien
anglosaxonibus	3	0.003	True	anglosaxon
lovan	3	0.003	False	lovan
phagani	3	0.003	True	phagan
dedicaverat	3	0.003	False	dedicaverat
saxonicus	3	0.003	True	saxonic
observant	3	0.003	False	observant
paganos	3	0.003	False	pagan
marginem	3	0.003	False	margin
secretum	3	0.003	False	secret
constans	3	0.003	True	constan
mario	3	0.003	False	mari
salutari	3	0.003	False	salutar
perfectionem	3	0.003	False	perfection
vitus	3	0.003	True	vit
adhibenda	3	0.003	False	adhibend
perpetua	3	0.003	False	perpetu
antiquissimorum	3	0.003	False	antiquissi
delatus	3	0.003	False	delat
decorata	3	0.003	False	decorat
potens	3	0.003	False	poten
oratorii	3	0.003	False	oratori
cratibus	3	0.003	False	crat
sudore	3	0.003	False	sudor
reperietur	3	0.003	False	reperietur
sarcophagum	3	0.003	False	sarcophag
aqua	3	0.003	False	aqu
ros	3	0.003	False	r
habitantibus	3	0.003	False	habitant
prophetae	3	0.003	False	prophet
pluvia	3	0.003	False	pluvi
glastoniens	3	0.003	True	glastonien
aperta	3	0.003	False	apert
irrepsit	3	0.003	False	irrepsit
fabellam	3	0.003	False	fabell
praetereundum	3	0.003	False	praetereund
subinde	3	0.003	False	subind
regnorum	3	0.003	False	regn
lovanii	3	0.003	False	lovani
typis	3	0.003	False	typ
generali	3	0.003	False	general
scribitur	3	0.003	False	scribitur
recepit	3	0.003	False	recepit
martino	3	0.003	True	martin
doctore	3	0.003	False	doctor
cottonianis	3	0.003	True	cottonian
proponere	3	0.003	False	proponer
dixerunt	3	0.003	False	dixerunt
nego	3	0.003	False	neg
contrariam	3	0.003	False	contrari
interdum	3	0.003	False	interd
probatur	3	0.003	False	probatur
liberavit	3	0.003	False	liberavit
negatur	3	0.003	False	negatur
garsias	3	0.003	True	garsi
responsionem	3	0.003	False	responsion
historias	3	0.003	False	histori
abbatiae	3	0.003	False	abbati
templo	3	0.003	False	templ
urget	3	0.003	False	urget
plumbei	3	0.003	False	plumbe
incertis	3	0.003	False	incert
januens	3	0.003	False	januen
primatu	3	0.003	False	primatu
noverunt	3	0.003	False	noverunt
certis	3	0.003	False	cert
convertisse	3	0.003	False	convertiss
indignus	3	0.003	False	indign
claudii	3	0.003	True	claudi
migrasse	3	0.003	False	migrass
quasdam	3	0.003	False	quasd
conjecturam	3	0.003	False	conjectur
redderet	3	0.003	False	redderet
praesente	3	0.003	False	praesent
videndus	3	0.003	False	vidend
impetrata	3	0.003	False	impetrat
regiis	3	0.003	False	regi
london	3	0.003	True	london
exhibebat	3	0.003	False	exhibebat
obsequium	3	0.003	False	obsequ
revelatione	3	0.003	False	revelation
praedicta	3	0.003	False	praedict
johanni	3	0.003	True	johann
fodere	3	0.003	False	foder
revelationem	3	0.003	False	revelation
quaerere	3	0.003	False	quaerer
membran	3	0.003	False	membran
ruina	3	0.003	False	ruin
westmonaster	3	0.003	True	westmonaster
inquisitio	3	0.003	False	inquisiti
viderunt	3	0.003	False	viderunt
inscriptum	3	0.003	False	inscript
crypta	3	0.003	False	crypt
universus	3	0.003	False	univers
congregat	3	0.003	False	congregat
tabul	3	0.003	False	tabul
avalonia	3	0.003	True	avaloni
vasa	3	0.003	False	vas
mortui	3	0.003	False	mortu
crux	3	0.003	False	crux
erecta	3	0.003	False	erect
sacelli	3	0.003	False	sacell
deducta	3	0.003	False	deduct
latus	3	0.003	False	lat
foris	3	0.003	False	for
consimilia	3	0.003	False	consimili
alis	3	0.003	False	al
conversi	3	0.003	False	convers
status	3	0.003	False	stat
buriensis	3	0.003	True	buriens
ferarum	3	0.003	False	fer
habitatio	3	0.003	False	habitati
marcello	3	0.003	True	marcell
obtinuerit	3	0.003	False	obtinuerit
vincentii	3	0.003	True	vincenti
testimonia	3	0.003	False	testimoni
floruerunt	3	0.003	False	floruerunt
accipiendus	3	0.003	False	accipiend
turonensis	3	0.003	True	turonens
magdeburgens	3	0.003	False	magdeburgen
demochar	3	0.003	False	demochar
antonin	3	0.003	False	antonin
composito	3	0.003	False	composit
ordinato	3	0.003	False	ordinat
secularibus	3	0.003	False	secular
venerit	3	0.003	False	venerit
concordat	3	0.003	False	concordat
curiensi	3	0.003	True	curiens
pantaleon	3	0.003	True	pantaleon
munster	3	0.003	False	munster
cosmograph	3	0.003	False	cosmograph
germanic	3	0.003	False	germanic
emerita	3	0.003	True	emerit
commemorari	3	0.003	False	commemorar
successoris	3	0.003	False	successor
vocati	3	0.003	False	vocat
marcus	3	0.003	True	marc
certamen	3	0.003	False	certamen
decemb	3	0.003	False	decemb
episc	3	0.003	False	episc
binii	3	0.003	False	bini
novati	3	0.003	True	novat
sacras	3	0.003	False	sacr
potentianae	3	0.003	True	potentian
illustrissimi	3	0.003	False	illustrissim
priscilla	3	0.003	True	priscill
conversio	3	0.003	False	conversi
galfridum	3	0.003	False	galfrid
discordiam	3	0.003	False	discordi
pronuntiat	3	0.003	False	pronuntiat
albertus	3	0.003	False	albert
antecessore	3	0.003	False	antecessor
divisa	3	0.003	False	divis
videt	3	0.003	False	videt
gallo	3	0.003	True	gall
pontificali	3	0.003	False	pontifical
eleutherus	3	0.003	False	eleuther
editionibus	3	0.003	False	edition
communiter	3	0.003	False	communiter
vulgaris	3	0.003	False	vulgar
debuisset	3	0.003	False	debuisset
gesserunt	3	0.003	False	gesserunt
pollio	3	0.003	True	polli
significet	3	0.003	False	significet
on	3	0.003	False	on
pontificatu	3	0.003	False	pontificatu
sabellicus	3	0.003	False	sabellic
marianus	3	0.003	False	marian
exemplarium	3	0.003	False	exemplar
certior	3	0.003	False	certior
bartholomaeus	3	0.003	True	bartholomae
columna	3	0.003	False	column
brutus	3	0.003	True	brut
taxster	3	0.003	True	taxster
historico	3	0.003	False	historic
mcccclx	3	0.003	True	mcccclx
bibliothecam	3	0.003	False	bibliothec
brittones	3	0.003	True	britton
consului	3	0.003	False	consulu
junior	3	0.003	False	junior
hermannus	3	0.003	False	hermann
canisio	3	0.003	False	canisi
hermanni	3	0.003	True	hermann
georgius	3	0.003	False	georgi
descriptionis	3	0.003	False	description
pictaviensis	3	0.003	True	pictaviens
convenire	3	0.003	False	convenir
missam	3	0.003	False	miss
scoto	3	0.003	True	scot
pontificalem	3	0.003	False	pontifical
potior	3	0.003	False	potior
tantopere	3	0.003	False	tantoper
habuimus	3	0.003	False	habuim
latina	3	0.003	True	latin
adscripti	3	0.003	False	adscript
alexandri	3	0.003	True	alexandr
distichon	3	0.003	False	distichon
videbantur	3	0.003	False	videbantur
regnasse	3	0.003	False	regnass
adjectione	3	0.003	False	adjection
imposito	3	0.003	False	imposit
prisca	3	0.003	False	prisc
armoricis	3	0.003	True	armoric
invenerit	3	0.003	False	invenerit
janua	3	0.003	False	janu
adjuncto	3	0.003	False	adjunct
inhabitant	3	0.003	False	inhabitant
daciam	3	0.003	True	daci
limitibus	3	0.003	False	limit
coronae	3	0.003	False	coron
westmonasterii	3	0.003	True	westmonasteri
receptam	3	0.003	False	recept
sensim	3	0.003	False	sensi
succedentibus	3	0.003	False	succedent
incrementa	3	0.003	False	increment
francisci	3	0.003	True	francisc
herefordensis	3	0.003	True	herefordens
libens	3	0.003	False	liben
concedo	3	0.003	False	conced
alicui	3	0.003	False	alicu
christ	3	0.003	False	christ
appellabatur	3	0.003	False	appellabatur
adeptum	3	0.003	False	adept
possederunt	3	0.003	False	possederunt
scribentem	3	0.003	False	scribent
citeriore	3	0.003	False	citerior
capitolinus	3	0.003	True	capitolin
hadrianus	3	0.003	True	hadrian
sequacibus	3	0.003	False	sequac
sequaces	3	0.003	False	sequac
excidium	3	0.003	False	excid
ducentos	3	0.003	False	ducent
capitolin	3	0.003	False	capitolin
philosophi	3	0.003	False	philosoph
serm	3	0.003	False	ser
confecto	3	0.003	False	confect
benevolentia	3	0.003	False	benevolenti
fordoni	3	0.003	True	fordon
desiit	3	0.003	False	desiit
edoctum	3	0.003	False	edoct
eluanum	3	0.003	True	eluan
adiit	3	0.003	False	adiit
adone	3	0.003	True	adon
viennensi	3	0.003	True	viennens
brittonum	3	0.003	True	britton
expetiit	3	0.003	False	expetiit
varie	3	0.003	False	vari
superstitione	3	0.003	False	superstition
amorem	3	0.003	False	amor
remittit	3	0.003	False	remittit
amplexus	3	0.003	False	amplex
avita	3	0.003	False	avit
comperit	3	0.003	False	comperit
factos	3	0.003	False	fact
obtenta	3	0.003	False	obtent
hausta	3	0.003	False	haust
videret	3	0.003	False	videret
spectare	3	0.003	False	spectar
illustres	3	0.003	False	illustr
aequum	3	0.003	False	aequ
attentius	3	0.003	False	attenti
concedimus	3	0.003	False	concedim
audimus	3	0.003	False	audim
propagata	3	0.003	False	propagat
nihilominus	3	0.003	False	nihilomin
digniorem	3	0.003	False	dignior
nuncios	3	0.003	False	nunci
hect	3	0.003	False	hect
devotissime	3	0.003	False	devotissim
provinciales	3	0.003	False	provincial
deos	3	0.003	True	de
dolo	3	0.003	False	dol
creatum	3	0.003	False	creat
fontis	3	0.003	False	font
canticum	3	0.003	False	cantic
ordinari	3	0.003	False	ordinar
habebant	3	0.003	False	habebant
ordinavit	3	0.003	False	ordinavit
extulisse	3	0.003	False	extuliss
scotica	3	0.003	True	scotic
descriptionem	3	0.003	False	description
baptizatos	3	0.003	False	baptizat
apposita	3	0.003	False	apposit
monet	3	0.003	False	monet
adjectis	3	0.003	False	adject
magnopere	3	0.003	False	magnoper
graecos	3	0.003	True	graec
barbaries	3	0.003	False	barbari
mortalium	3	0.003	False	mortal
corum	3	0.003	False	c
fiant	3	0.003	False	fiant
eleuthero	3	0.003	True	eleuther
historicorum	3	0.003	False	historic
magdeburgenses	3	0.003	True	magdeburgens
instructione	3	0.003	False	instruction
balbulus	3	0.003	True	balbul
tungrensium	3	0.003	True	tungren
nussiensis	3	0.003	True	nussiens
damiano	3	0.003	True	damian
pontificibus	3	0.003	False	pontific
baptizarunt	3	0.003	False	baptizarunt
cambrobritannica	3	0.003	True	cambrobritannic
gallico	3	0.003	True	gallic
antiquissima	3	0.003	False	antiquissim
dover	3	0.003	True	dover
fagatium	3	0.003	False	fagat
fuganum	3	0.003	True	fugan
comperi	3	0.003	False	comper
spectat	3	0.003	False	spectat
incarnationem	3	0.003	False	incarnation
coetibus	3	0.003	False	coet
remaneret	3	0.003	False	remaneret
au	3	0.003	False	au
fagani	3	0.003	False	fagan
pseudogildas	3	0.003	True	pseudogild
praemia	3	0.003	False	praemi
disticho	3	0.003	False	distich
ordinat	3	0.003	False	ordinat
baptisma	3	0.003	False	baptism
subditis	3	0.003	False	subdit
ferat	3	0.003	False	ferat
merssaeus	3	0.003	True	merssae
posuerunt	3	0.003	False	posuerunt
glamorgantia	3	0.003	True	glamorganti
subjacuit	3	0.003	False	subjacuit
humbri	3	0.003	True	humbr
loegria	3	0.003	True	loegri
tillesburiensis	3	0.003	True	tillesburiens
ascensian	3	0.003	False	ascensian
compend	3	0.003	False	compend
abingdonensis	3	0.003	True	abingdonens
lhuydi	3	0.003	True	lhuyd
decreverunt	3	0.003	False	decreverunt
reliquorum	3	0.003	False	reliqu
supplement	3	0.003	False	supplement
aliunde	3	0.003	False	aliund
curavimus	3	0.003	False	curavim
colcestria	3	0.003	False	colcestri
brit	3	0.003	True	brit
grontae	3	0.003	True	gront
castellum	3	0.003	False	castell
fabio	3	0.003	False	fabi
ethelwerdo	3	0.003	True	ethelwerd
wigorn	3	0.003	False	wigorn
aestuarium	3	0.003	False	aestuar
usk	3	0.003	True	usk
venta	3	0.003	True	vent
camdeni	3	0.003	True	camden
contractius	3	0.003	False	contracti
danmoniorum	3	0.003	True	danmon
appellatam	3	0.003	False	appellat
duviani	3	0.003	True	duvian
gessisse	3	0.003	False	gessiss
destructa	3	0.003	False	destruct
wigor	3	0.003	True	wigor
grammaticus	3	0.003	False	grammatic
sederunt	3	0.003	False	sederunt
westsaxonum	3	0.003	True	westsaxon
ultimus	3	0.003	False	ultim
canone	3	0.003	False	canon
editos	3	0.003	False	edit
cantiae	3	0.003	True	canti
pensili	3	0.003	False	pensil
duravit	3	0.003	False	duravit
manet	3	0.003	False	manet
jocelinus	3	0.003	True	jocelin
dictae	3	0.003	False	dict
lelandi	3	0.003	True	leland
occisus	3	0.003	False	occis
fugit	3	0.003	False	fugit
pendragon	3	0.003	True	pendragon
sublato	3	0.003	False	sublat
natu	3	0.003	False	natu
nuptias	3	0.003	False	nupti
proximus	3	0.003	False	proxim
intervallo	3	0.003	False	intervall
collocatur	3	0.003	False	collocatur
plene	3	0.003	False	plen
superfuerant	3	0.003	False	superfuerant
receptae	3	0.003	False	recept
dioecesis	3	0.003	False	dioeces
consecravit	3	0.003	False	consecravit
vaticinium	3	0.003	False	vaticin
delebitur	3	0.003	False	delebitur
sedium	3	0.003	False	sed
cognovi	3	0.003	False	cognov
vestris	3	0.003	False	vestr
metropolitanus	3	0.003	False	metropolitan
praefati	3	0.003	False	praefat
malam	3	0.003	False	mal
debent	3	0.003	False	debent
direxit	3	0.003	False	direxit
metropolitanis	3	0.003	False	metropolitan
haberetur	3	0.003	False	haberetur
privilegium	3	0.003	False	privileg
regalium	3	0.003	False	regal
civium	3	0.003	False	civ
gilbertus	3	0.003	False	gilbert
protestatus	3	0.003	False	protestat
jovis	3	0.003	True	jov
oraculo	3	0.003	False	oracul
libeat	3	0.003	False	libeat
albaniae	3	0.003	False	albani
chloro	3	0.003	True	chlor
benedictus	3	0.003	True	benedict
profuturum	3	0.003	False	profutur
elegerat	3	0.003	False	elegerat
ccccxc	3	0.003	True	ccccxc
archipraesule	3	0.003	False	archipraesul
legionensis	3	0.003	True	legionens
ambo	3	0.003	False	amb
pastor	3	0.003	False	pastor
littus	3	0.003	False	litt
dolis	3	0.003	False	dol
praefecti	3	0.003	False	praefect
instantiam	3	0.003	False	instanti
extiterat	3	0.003	False	extiterat
accidit	3	0.003	False	accidit
giraldum	3	0.003	True	girald
octobr	3	0.003	False	octobr
floriac	3	0.003	False	floriac
ord	3	0.003	False	ord
equilin	3	0.003	False	equilin
legend	3	0.003	False	legend
illust	3	0.003	False	illust
affecti	3	0.003	False	affect
adepti	3	0.003	False	adept
ostium	3	0.003	False	ost
morganiae	3	0.003	True	morgani
audiente	3	0.003	False	audient
rogavit	3	0.003	False	rogavit
guyr	3	0.003	False	guyr
armoricanorum	3	0.003	True	armorican
metropoli	3	0.003	False	metropol
westmonasteriensem	3	0.003	True	westmonasteriens
scribente	3	0.003	False	scribent
intrasset	3	0.003	False	intrasset
cessabant	3	0.003	False	cessabant
exin	3	0.003	False	exin
roffensi	3	0.003	True	roffens
vidisset	3	0.003	False	vidisset
volumus	3	0.003	False	volum
favente	3	0.003	False	favent
subjecit	3	0.003	False	subjecit
misso	3	0.003	False	miss
caesum	3	0.003	False	caes
praesules	3	0.003	False	praesul
subjectione	3	0.003	False	subjection
cairleon	3	0.003	True	cairleon
egisse	3	0.003	False	egiss
tametsi	3	0.003	False	tamets
statui	3	0.003	False	statu
poem	3	0.003	False	po
egregiae	3	0.003	False	egregi
dicatarum	3	0.003	False	dicat
praeclaro	3	0.003	False	praeclar
habebat	3	0.003	False	habebat
seniores	3	0.003	False	senior
australem	3	0.003	False	austral
cereticae	3	0.003	True	ceretic
metropolita	3	0.003	False	metropolit
do	3	0.003	False	d
asser	3	0.003	False	asser
landavensium	3	0.003	True	landaven
pectoribus	3	0.003	False	pector
epochae	3	0.003	False	epoch
mo	3	0.003	False	m
confratres	3	0.003	False	confratr
davidi	3	0.003	True	david
principatum	3	0.003	False	principat
menevenses	3	0.003	True	menevens
distinctione	3	0.003	False	distinction
proximi	3	0.003	False	proxim
acciderit	3	0.003	False	acciderit
laicis	3	0.003	False	laic
continue	3	0.003	False	continu
pristina	3	0.003	False	pristin
consecrationem	3	0.003	False	consecration
cognitio	3	0.003	False	cogniti
curiam	3	0.003	False	curi
dilectissime	3	0.003	False	dilectissim
aliarum	3	0.003	False	al
filiis	3	0.003	False	fili
dans	3	0.003	False	dan
curia	3	0.003	False	curi
additur	3	0.003	False	additur
excedit	3	0.003	False	excedit
northwalliae	3	0.003	True	northwalli
recensetur	3	0.003	False	recensetur
metropoles	3	0.003	False	metropol
nigro	3	0.003	True	nigr
fixisse	3	0.003	False	fixiss
consecratum	3	0.003	False	consecrat
paternensis	3	0.003	True	paternens
electus	3	0.003	False	elect
bangorensem	3	0.003	False	bangorens
exoniensi	3	0.003	True	exoniens
dioecesi	3	0.003	False	dioeces
episcop	3	0.003	False	episcop
retulerit	3	0.003	False	retulerit
tavensis	3	0.003	True	tavens
boreali	3	0.003	False	boreal
hovedeni	3	0.003	True	hoveden
toties	3	0.003	False	toti
malmesb	3	0.003	False	malmesb
dionys	3	0.003	True	diony
proposita	3	0.003	False	proposit
hibernus	3	0.003	True	hibern
disciplinarum	3	0.003	False	disciplin
commemoratum	3	0.003	False	commemorat
insertum	3	0.003	False	insert
flaviam	3	0.003	False	flavi
cantium	3	0.003	True	cant
valentia	3	0.003	True	valenti
fluvii	3	0.003	False	fluvi
ducentis	3	0.003	False	ducent
boreales	3	0.003	False	boreal
gentiles	3	0.003	False	gentil
tenuere	3	0.003	False	tenuer
saeculi	3	0.003	False	saecul
direximus	3	0.003	False	direxim
pertinere	3	0.003	False	pertiner
andrea	3	0.003	True	andre
quaque	3	0.003	False	qu
recensio	3	0.003	False	recensi
rhenanus	3	0.003	True	rhenan
inferiore	3	0.003	False	inferior
sexti	3	0.003	False	sext
breviarium	3	0.003	False	breviar
integro	3	0.003	False	integr
onuphrius	3	0.003	True	onuphri
panvinius	3	0.003	True	panvini
angeli	3	0.003	True	angel
codicum	3	0.003	False	codic
asseruit	3	0.003	False	asseruit
rufus	3	0.003	True	ruf
flavio	3	0.003	True	flavi
theodosius	3	0.003	True	theodosi
ditionem	3	0.003	False	dition
ammianus	3	0.003	True	ammian
fretum	3	0.003	False	fret
sirmond	3	0.003	False	sirmond
conjecturae	3	0.003	False	conjectur
persuaderi	3	0.003	False	persuader
lectorem	3	0.003	False	lector
episcopalium	3	0.003	False	episcopal
patriarcham	3	0.003	False	patriarch
haudquaquam	3	0.003	False	haudquaqu
comperti	3	0.003	False	compert
fateatur	3	0.003	False	fateatur
copia	3	0.003	False	copi
londinenses	3	0.003	True	londinens
dioeceseos	3	0.003	False	dioecese
philip	3	0.003	False	philip
minui	3	0.003	False	minu
infirmum	3	0.003	False	infirm
teliaus	3	0.003	True	telia
principalem	3	0.003	False	principal
salmasius	3	0.003	True	salmasi
colligo	3	0.003	False	collig
silvestro	3	0.003	True	silvestr
tis	3	0.003	False	t
sapit	3	0.003	False	sapit
ethnicorum	3	0.003	True	ethnic
dixerim	3	0.003	False	dixeri
amines	3	0.003	False	amin
unaqua	3	0.003	False	unaqu
haberent	3	0.003	False	haberent
probatae	3	0.003	False	probat
occurrere	3	0.003	False	occurrer
commenti	3	0.003	False	comment
scribentis	3	0.003	False	scribent
praedictos	3	0.003	False	praedict
divis	3	0.003	True	div
censuram	3	0.003	False	censur
gestae	3	0.003	False	gest
assertio	3	0.003	False	asserti
varia	3	0.003	False	vari
donatio	3	0.003	False	donati
cantabrigiensi	3	0.003	True	cantabrigiens
fecerant	3	0.003	False	fecerant
lucido	3	0.003	True	lucid
inferiori	3	0.003	False	inferior
addantur	3	0.003	False	addantur
lambardi	3	0.003	True	lambard
vetusto	3	0.003	False	vetust
consulum	3	0.003	False	consul
adscriptum	3	0.003	False	adscript
procerum	3	0.003	False	proc
estis	3	0.003	False	est
rursum	3	0.003	False	rurs
laetitiae	3	0.003	False	laetiti
puerum	3	0.003	False	pu
parvam	3	0.003	False	parv
aetatem	3	0.003	False	aetat
det	3	0.003	False	det
evidenter	3	0.003	False	evidenter
similitudinem	3	0.003	False	similitudin
gladium	3	0.003	False	glad
tenetur	3	0.003	False	tenetur
quaestionum	3	0.003	False	quaestion
separare	3	0.003	False	separar
sedere	3	0.003	False	seder
aula	3	0.003	False	aul
petitum	3	0.003	False	petit
pertexit	3	0.003	False	pertexit
memoratorum	3	0.003	False	memorat
redemptionis	3	0.003	False	redemption
crebro	3	0.003	False	crebr
congregavit	3	0.003	False	congregavit
possessa	3	0.003	False	possess
sensisse	3	0.003	False	sensiss
video	3	0.003	False	vide
vicinorum	3	0.003	False	vicin
fluminibus	3	0.003	False	flumin
accipit	3	0.003	False	accipit
poematum	3	0.003	False	poemat
aldhelmi	3	0.003	True	aldhelm
largitus	3	0.003	False	largit
florilegum	3	0.003	True	florileg
constituto	3	0.003	False	constitut
compositum	3	0.003	False	composit
antecessores	3	0.003	False	antecessor
revocandum	3	0.003	False	revocand
bened	3	0.003	False	bened
sanctissimum	3	0.003	False	sanctissim
grege	3	0.003	False	greg
brithwaldum	3	0.003	True	brithwald
certissimum	3	0.003	False	certissim
invitus	3	0.003	False	invit
suscipiens	3	0.003	False	suscipien
competenter	3	0.003	False	competenter
libell	3	0.003	False	libell
prioribus	3	0.003	False	prior
reliquum	3	0.003	False	reliqu
worgrez	3	0.003	True	worgrez
dignitates	3	0.003	False	dignitat
anglosaxonicorum	3	0.003	True	anglosaxonic
pyramide	3	0.003	False	pyramid
insculptum	3	0.003	False	insculpt
quocirca	3	0.003	False	quocirc
donata	3	0.003	False	donat
regali	3	0.003	False	regal
vetustae	3	0.003	False	vetust
regula	3	0.003	False	regul
potestas	3	0.003	False	potest
indictio	3	0.003	False	indicti
hortatu	3	0.003	False	hortatu
angelorum	3	0.003	True	angel
innotuit	3	0.003	False	innotuit
regularis	3	0.003	False	regular
vocare	3	0.003	False	vocar
seculari	3	0.003	False	secular
canum	3	0.003	False	can
fundamentum	3	0.003	False	fundament
cancellum	3	0.003	False	cancell
adjecit	3	0.003	False	adjecit
orientales	3	0.003	False	oriental
tabulatu	3	0.003	False	tabulatu
deorsum	3	0.003	False	deors
lignea	3	0.003	False	ligne
promulgata	3	0.003	False	promulgat
praedecessoribus	3	0.003	False	praedecessor
complura	3	0.003	False	complur
praesentibus	3	0.003	False	praesent
speciali	3	0.003	False	special
singulari	3	0.003	False	singular
parva	3	0.003	False	parv
quaenam	3	0.003	False	quaen
cacumine	3	0.003	False	cacumin
advectum	3	0.003	False	advect
pyramides	3	0.003	False	pyramid
citius	3	0.003	False	citi
aperuerunt	3	0.003	False	aperuerunt
dicavit	3	0.003	False	dicavit
novella	3	0.003	False	novell
inventae	3	0.003	False	invent
navigium	3	0.003	False	navig
diversi	3	0.003	False	divers
hausit	3	0.003	False	hausit
contentus	3	0.003	False	content
familiare	3	0.003	False	familiar
majus	3	0.003	False	maj
grandem	3	0.003	False	grand
invento	3	0.003	False	invent
inveniuntur	3	0.003	False	inveniuntur
lamina	3	0.003	False	lamin
confecta	3	0.003	False	confect
continet	3	0.003	False	continet
facti	3	0.003	False	fact
incendium	3	0.003	False	incend
confusio	3	0.003	False	confusi
thesauri	3	0.003	False	thesaur
argento	3	0.003	False	argent
audientes	3	0.003	False	audient
immerito	3	0.003	False	immerit
refellit	3	0.003	False	refellit
translationem	3	0.003	False	translation
arturus	3	0.003	True	artur
simon	3	0.003	True	simon
inventionem	3	0.003	False	invention
scribunt	3	0.003	False	scribunt
asseritur	3	0.003	False	asseritur
cantebrig	3	0.003	False	cantebrig
quinquies	3	0.003	False	quinqui
praefatae	3	0.003	False	praefat
edward	3	0.003	False	edward
privilegiis	3	0.003	False	privilegi
desiderio	3	0.003	False	desideri
augeri	3	0.003	False	auger
quietis	3	0.003	False	quiet
richard	3	0.003	False	richard
turstinum	3	0.003	True	turstin
sciri	3	0.003	False	scir
gloriosus	3	0.003	False	glorios
sublimavit	3	0.003	False	sublimavit
quous	3	0.003	False	quo
antiquus	3	0.003	False	antiqu
sextus	3	0.003	False	sext
dicebantur	3	0.003	False	dicebantur
viae	3	0.003	False	vi
possessione	3	0.003	False	possession
dioclesiani	3	0.003	True	dioclesian
quadringenti	3	0.003	False	quadringent
episcopale	3	0.003	False	episcopal
dedicatum	3	0.003	False	dedicat
stipendia	3	0.003	False	stipendi
wintonienses	3	0.003	True	wintoniens
westmonasteriensi	3	0.003	True	westmonasteriens
vergil	3	0.003	False	vergil
producit	3	0.003	False	producit
primitivo	3	0.003	False	primitiv
regenerationis	3	0.003	False	regeneration
abbatia	3	0.003	False	abbati
ultimo	3	0.003	False	ultim
imaginem	3	0.003	False	imagin
aedificat	3	0.003	False	aedificat
tributo	3	0.003	False	tribut
successores	3	0.003	False	successor
turonensi	3	0.003	True	turonens
deducto	3	0.003	False	deduct
franci	3	0.003	True	franc
nituntur	3	0.003	False	nituntur
testatus	3	0.003	False	testat
professi	3	0.003	False	profess
adiisse	3	0.003	False	adiiss
disserit	3	0.003	False	disserit
examen	3	0.003	False	examen
petentes	3	0.003	False	petent
fraternitatis	3	0.003	False	fraternitat
academiam	3	0.003	False	academi
bangorensi	3	0.003	True	bangorens
receperunt	3	0.003	False	receperunt
addidit	3	0.003	False	addidit
docens	3	0.003	False	docen
bangoriam	3	0.003	True	bangori
intelligo	3	0.003	False	intellig
agros	3	0.003	False	agr
nummis	3	0.003	False	numm
doceret	3	0.003	False	doceret
velsero	3	0.003	True	velser
bavariam	3	0.003	True	bavari
petiisse	3	0.003	False	petiiss
velser	3	0.003	False	velser
primitias	3	0.003	False	primiti
anglus	3	0.003	True	angl
volentem	3	0.003	False	volent
rheno	3	0.003	True	rhen
germanis	3	0.003	True	german
crederent	3	0.003	False	crederent
extractus	3	0.003	False	extract
ferrarius	3	0.003	True	ferrari
trimontium	3	0.003	True	trimont
asserant	3	0.003	False	asserant
vito	3	0.003	True	vit
polydoro	3	0.003	True	polydor
vergilio	3	0.003	True	vergili
fabianus	3	0.003	True	fabian
franciscus	3	0.003	True	francisc
finiisse	3	0.003	False	finiiss
cathedrali	3	0.003	False	cathedral
glocestrensium	3	0.003	True	glocestren
ornatam	3	0.003	False	ornat
coeptam	3	0.003	False	coept
fabulas	3	0.003	False	fabul
audierant	3	0.003	False	audierant
suscepissent	3	0.003	False	suscepissent
occuparunt	3	0.003	False	occuparunt
descendunt	3	0.003	False	descendunt
maurorum	3	0.003	True	maur
lucae	3	0.003	True	luc
praesidiis	3	0.003	False	praesidi
asclepiodoti	3	0.003	False	asclepiodot
conservasse	3	0.003	False	conservass
invicta	3	0.003	False	invict
mensem	3	0.003	False	mens
julium	3	0.003	True	jul
ostendemus	3	0.003	False	ostendem
gentilitas	3	0.003	False	gentilit
rothomagum	3	0.003	True	rothomag
clericum	3	0.003	False	cleric
ghinius	3	0.003	True	ghini
imperatori	3	0.003	False	imperator
praedicantem	3	0.003	False	praedicant
basilicae	3	0.003	False	basilic
martio	3	0.003	True	marti
confessionis	3	0.003	False	confession
minimum	3	0.003	False	minim
mentibus	3	0.003	False	ment
sexus	3	0.003	False	sex
inaudita	3	0.003	False	inaudit
alexander	3	0.003	False	alexander
inclyta	3	0.003	False	inclyt
breviar	3	0.003	False	breviar
ministris	3	0.003	False	ministr
consuetudinem	3	0.003	False	consuetudin
tenens	3	0.003	False	tenen
quovis	3	0.003	False	quov
immutata	3	0.003	False	immutat
distinguendum	3	0.003	False	distinguend
pantaleonis	3	0.003	False	pantaleon
coenobitae	3	0.003	False	coenobit
affinitatem	3	0.003	False	affinitat
winheim	3	0.003	False	winhei
libenter	3	0.003	False	libenter
confessionem	3	0.003	False	confession
montium	3	0.003	False	mont
excipere	3	0.003	False	exciper
fortius	3	0.003	False	forti
recitari	3	0.003	False	recitar
saxonico	3	0.003	True	saxonic
egregii	3	0.003	False	egregi
elienses	3	0.003	True	eliens
cruoris	3	0.003	False	cruor
cyrillo	3	0.003	True	cyrill
ferri	3	0.003	False	ferr
marinas	3	0.003	False	marin
miraculo	3	0.003	False	miracul
quenquam	3	0.003	False	quenqu
arguit	3	0.003	False	arguit
carnificis	3	0.003	False	carnific
tuta	3	0.003	False	tut
dcccclxx	3	0.003	True	dcccclxx
deposito	3	0.003	False	deposit
codicis	3	0.003	False	codic
vento	3	0.003	False	vent
tituli	3	0.003	False	titul
eru	3	0.003	False	eru
woden	3	0.003	True	woden
thesauro	3	0.003	False	thesaur
peritus	3	0.003	False	perit
dunstapulensis	3	0.003	True	dunstapulens
poema	3	0.003	False	poem
soluta	3	0.003	False	solut
videor	3	0.003	False	videor
praefatio	3	0.003	False	praefati
obedire	3	0.003	False	obedir
praesumptione	3	0.003	False	praesumption
vestro	3	0.003	False	vestr
majora	3	0.003	False	major
nece	3	0.003	False	nec
loquendo	3	0.003	False	loquend
laqueis	3	0.003	False	laque
muris	3	0.003	False	mur
reliquerunt	3	0.003	False	reliquerunt
aquarum	3	0.003	False	aqu
lateret	3	0.003	False	lateret
posteros	3	0.003	False	poster
clarus	3	0.003	False	clar
respondentes	3	0.003	False	respondent
honorabilem	3	0.003	False	honorabil
hospitio	3	0.003	False	hospiti
decessit	3	0.003	False	decessit
cognita	3	0.003	False	cognit
multiplici	3	0.003	False	multiplic
venturum	3	0.003	False	ventur
magnitudinem	3	0.003	False	magnitudin
examini	3	0.003	False	examin
vivit	3	0.003	False	vivit
pectus	3	0.003	False	pect
cupis	3	0.003	False	cup
epitomen	3	0.003	False	epitomen
desideret	3	0.003	False	desideret
integri	3	0.003	False	integr
laetis	3	0.003	False	laet
donato	3	0.003	False	donat
claris	3	0.003	False	clar
utitur	3	0.003	False	utitur
doces	3	0.003	False	doc
pretiosis	3	0.003	False	pretios
cognoscitur	3	0.003	False	cognoscitur
desumpta	3	0.003	False	desumpt
confirmandam	3	0.003	False	confirmand
perturbationis	3	0.003	False	perturbation
walenses	3	0.003	True	walens
pertexitur	3	0.003	False	pertexitur
insecutus	3	0.003	False	insecut
fame	3	0.003	False	fam
confecti	3	0.003	False	confect
publicae	3	0.003	False	public
viscera	3	0.003	False	viscer
daret	3	0.003	False	daret
stabat	3	0.003	False	stabat
praebens	3	0.003	False	praeben
hora	3	0.003	False	hor
idolis	3	0.003	False	idol
telis	3	0.003	False	tel
vocis	3	0.003	False	voc
campum	3	0.003	False	camp
lichefeld	3	0.003	True	lichefeld
trucidabantur	3	0.003	False	trucidabantur
nongenti	3	0.003	False	nongent
migraverunt	3	0.003	False	migraverunt
excogitato	3	0.003	False	excogitat
confessi	3	0.003	False	confess
operatur	3	0.003	False	operatur
transiisse	3	0.003	False	transiiss
exustae	3	0.003	False	exust
praeclara	3	0.003	False	praeclar
cantabrigia	3	0.003	True	cantabrigi
cunctae	3	0.003	False	cunct
trucidati	3	0.003	False	trucidat
donavisse	3	0.003	False	donaviss
opinantur	3	0.003	False	opinantur
docendo	3	0.003	False	docend
orationis	3	0.003	False	oration
discrimina	3	0.003	False	discrimin
instructus	3	0.003	False	instruct
laboravit	3	0.003	False	laboravit
perfectione	3	0.003	False	perfection
iratus	3	0.003	False	irat
potuissent	3	0.003	False	potuissent
omissa	3	0.003	False	omiss
caetero	3	0.003	False	caeter
morti	3	0.003	False	mort
injuste	3	0.003	False	injust
damnum	3	0.003	False	damn
habitaculum	3	0.003	False	habitacul
wintoniensibus	3	0.003	True	wintonien
petentibus	3	0.003	False	petent
fugam	3	0.003	False	fug
persecutoris	3	0.003	False	persecutor
concurrunt	3	0.003	False	concurrunt
instrui	3	0.003	False	instru
designando	3	0.003	False	designand
autumno	3	0.003	False	autumn
juncti	3	0.003	False	junct
gaufrido	3	0.003	True	gaufrid
copiosa	3	0.003	False	copios
bilustro	3	0.003	False	bilustr
expleto	3	0.003	False	explet
augustus	3	0.003	True	august
rectissime	3	0.003	False	rectissim
expositum	3	0.003	False	exposit
consignatus	3	0.003	False	consignat
dissipat	3	0.003	False	dissipat
horribilis	3	0.003	False	horribil
signifer	3	0.003	False	signifer
fungebatur	3	0.003	False	fungebatur
saevitia	3	0.003	False	saeviti
aeterna	3	0.003	False	aetern
collegam	3	0.003	False	colleg
meruit	3	0.003	False	meruit
militis	3	0.003	False	milit
gladius	3	0.003	False	gladi
paschalis	3	0.003	False	paschal
supernae	3	0.003	False	supern
maximiani	3	0.003	True	maximian
coelestium	3	0.003	False	coelest
nominatum	3	0.003	False	nominat
praesulem	3	0.003	False	praesul
decima	3	0.003	False	decim
repugnat	3	0.003	False	repugnat
equilino	3	0.003	True	equilin
commemorationem	3	0.003	False	commemoration
lectione	3	0.003	False	lection
deceptus	3	0.003	False	decept
accepta	3	0.003	False	accept
canis	3	0.003	False	can
vestigium	3	0.003	False	vestig
sozomenus	3	0.003	True	sozomen
laerius	3	0.003	True	laeri
fluctibus	3	0.003	False	fluct
quamobrem	3	0.003	False	quamobr
designatus	3	0.003	False	designat
confestim	3	0.003	False	confesti
vocavit	3	0.003	False	vocavit
eximia	3	0.003	False	eximi
revocatum	3	0.003	False	revocat
amica	3	0.003	False	amic
interfuerunt	3	0.003	False	interfuerunt
tyrannidem	3	0.003	False	tyrannid
foeminarum	3	0.003	False	foemin
relictum	3	0.003	False	relict
vidisti	3	0.003	False	vidist
mai	3	0.003	False	ma
utcun	3	0.003	False	utcun
praecedentibus	3	0.003	False	praecedent
antecessit	3	0.003	False	antecessit
mensibus	3	0.003	False	men
scio	3	0.003	False	sci
lips	3	0.003	False	lip
inquam	3	0.003	False	inqu
egressus	3	0.003	False	egress
proficiunt	3	0.003	False	proficiunt
genuit	3	0.003	False	genuit
clara	3	0.003	False	clar
nato	3	0.003	False	nat
effecit	3	0.003	False	effecit
italus	3	0.003	True	ital
gallicani	3	0.003	True	gallican
priores	3	0.003	False	prior
versum	3	0.003	False	vers
intelligentes	3	0.003	False	intelligent
bouchetus	3	0.003	True	bouchet
editam	3	0.003	False	edit
tricesimum	3	0.003	False	tricesim
moreretur	3	0.003	False	moreretur
numeravisse	3	0.003	False	numeraviss
integer	3	0.003	False	integer
eatenus	3	0.003	False	eaten
aureliano	3	0.003	True	aurelian
aquitanico	3	0.003	True	aquitanic
sophiae	3	0.003	False	sophi
regnor	3	0.003	False	regnor
pontan	3	0.003	False	pontan
oriundam	3	0.003	False	oriund
gottefridus	3	0.003	True	gottefrid
viterbiensis	3	0.003	True	viterbiens
anathemate	3	0.003	False	anathemat
gotfrid	3	0.003	False	gotfrid
ignorantes	3	0.003	False	ignorant
ausi	3	0.003	False	aus
stabulum	3	0.003	False	stabul
brower	3	0.003	False	brower
venant	3	0.003	True	venant
seniori	3	0.003	False	senior
ignoravit	3	0.003	False	ignoravit
declarat	3	0.003	False	declarat
nobilitatis	3	0.003	False	nobilitat
versa	3	0.003	False	vers
sulpit	3	0.003	False	sulpit
ammian	3	0.003	False	ammian
marcellin	3	0.003	False	marcellin
dardaniae	3	0.003	True	dardani
fastos	3	0.003	False	fast
dardania	3	0.003	True	dardani
procopius	3	0.003	False	procopi
drepani	3	0.003	True	drepan
sur	3	0.003	False	sur
daciae	3	0.003	True	daci
testetur	3	0.003	False	testetur
naissum	3	0.003	True	naiss
mutilum	3	0.003	False	mutil
inquiens	3	0.003	False	inquien
mysiae	3	0.003	True	mysi
themat	3	0.003	False	themat
crispum	3	0.003	False	crisp
mensium	3	0.003	False	men
graecolat	3	0.003	False	graecolat
doctissimi	3	0.003	False	doctissim
benevolentiam	3	0.003	False	benevolenti
hoeschelio	3	0.003	True	hoescheli
sarisburiensem	3	0.003	True	sarisburiens
propior	3	0.003	False	propior
dioclesiano	3	0.003	True	dioclesian
aevo	3	0.003	False	aev
lolliano	3	0.003	True	lollian
ordinarium	3	0.003	False	ordinar
interjecta	3	0.003	False	interject
liberandum	3	0.003	False	liberand
favore	3	0.003	False	favor
libertatis	3	0.003	False	libertat
reipublicae	3	0.003	False	reipublic
subsequuntur	3	0.003	False	subsequuntur
pueritia	3	0.003	False	pueriti
dominos	3	0.003	False	domin
posterorum	3	0.003	False	poster
approbare	3	0.003	False	approbar
vale	3	0.003	False	val
divum	3	0.003	False	div
senserunt	3	0.003	False	senserunt
strada	3	0.003	True	strad
anselmus	3	0.003	True	anselm
unica	3	0.003	False	unic
vanitate	3	0.003	False	vanitat
quingentos	3	0.003	False	quingent
assidue	3	0.003	False	assidu
redditam	3	0.003	False	reddit
supradicti	3	0.003	False	supradict
edictis	3	0.003	False	edict
excipiunt	3	0.003	False	excipiunt
gremio	3	0.003	False	gremi
gaudebat	3	0.003	False	gaudebat
aedificatione	3	0.003	False	aedification
orationes	3	0.003	False	oration
cerdicii	3	0.003	True	cerdici
mandavit	3	0.003	False	mandavit
restitutus	3	0.003	False	restitut
liberalibus	3	0.003	False	liberal
coepiscopis	3	0.003	False	coepiscop
exilii	3	0.003	False	exili
eloquii	3	0.003	False	eloqui
ariminensis	3	0.003	True	ariminens
dare	3	0.003	False	dar
maluerunt	3	0.003	False	maluerunt
collationem	3	0.003	False	collation
labe	3	0.003	False	lab
istarum	3	0.003	False	ist
secta	3	0.003	False	sect
ageret	3	0.003	False	ageret
interfecit	3	0.003	False	interfecit
comitante	3	0.003	False	comitant
tumultuante	3	0.003	False	tumultuant
nefando	3	0.003	False	nefand
gloss	3	0.003	False	glos
rempublicam	3	0.003	False	rempublic
periculo	3	0.003	False	pericul
creato	3	0.003	False	creat
pleris	3	0.003	False	pler
uxores	3	0.003	False	uxor
ausonii	3	0.003	True	ausoni
maximianum	3	0.003	True	maximian
gratiani	3	0.003	True	gratian
plebe	3	0.003	False	pleb
uxoribus	3	0.003	False	uxor
commissa	3	0.003	False	commiss
virginibus	3	0.003	False	virgin
agmen	3	0.003	False	agmen
armoricos	3	0.003	True	armoric
jubet	3	0.003	False	jubet
ursula	3	0.003	True	ursul
virgo	3	0.003	False	virg
devia	3	0.003	False	devi
avide	3	0.003	False	avid
auctore	3	0.003	False	auctor
ducum	3	0.003	False	duc
figmenti	3	0.003	False	figment
condita	3	0.003	False	condit
recenter	3	0.003	False	recenter
parvum	3	0.003	False	parv
fidenter	3	0.003	False	fidenter
scribat	3	0.003	False	scribat
paulae	3	0.003	True	paul
eustochii	3	0.003	True	eustochi
sacerdotii	3	0.003	False	sacerdoti
blasphemias	3	0.003	False	blasphemi
perfidiae	3	0.003	False	perfidi
tenebras	3	0.003	False	tenebr
melaniam	3	0.003	True	melani
patrocinium	3	0.003	False	patrocin
vitio	3	0.003	False	viti
dicentem	3	0.003	False	dicent
contentionibus	3	0.003	False	contention
aeterno	3	0.003	False	aetern
artificio	3	0.003	False	artifici
posuerit	3	0.003	False	posuerit
haeretica	3	0.003	False	haeretic
ausus	3	0.003	False	aus
inimica	3	0.003	False	inimic
parente	3	0.003	False	parent
antiqui	3	0.003	False	antiqu
sobolem	3	0.003	False	sobol
cuncti	3	0.003	False	cunct
pendere	3	0.003	False	pender
ingrat	3	0.003	True	ingrat
facultas	3	0.003	False	facult
suppetat	3	0.003	False	suppetat
impietas	3	0.003	False	impiet
gramine	3	0.003	False	gramin
accedat	3	0.003	False	accedat
humeros	3	0.003	False	humer
cantabrigiensem	3	0.003	True	cantabrigiens
polychronico	3	0.003	False	polychronic
conscientiae	3	0.003	False	conscienti
progeniem	3	0.003	False	progeni
discrimen	3	0.003	False	discrimen
postrema	3	0.003	False	postrem
haereseon	3	0.003	False	haereseon
exorta	3	0.003	False	exort
partium	3	0.003	False	part
prateolus	3	0.003	False	prateol
laudat	3	0.003	False	laudat
gen	3	0.003	False	gen
lutzenburgius	3	0.003	True	lutzenburgi
haereticor	3	0.003	False	haereticor
corruptam	3	0.003	False	corrupt
vigore	3	0.003	False	vigor
composuisse	3	0.003	False	composuiss
pestiferum	3	0.003	False	pestif
perseverantiae	3	0.003	False	perseveranti
commemorata	3	0.003	False	commemorat
quadringentesimo	3	0.003	False	quadringentesim
gratiano	3	0.003	True	gratian
ccccxviii	3	0.003	False	ccccxvii
pseudosynodo	3	0.003	False	pseudosynod
lapsum	3	0.003	False	laps
sancte	3	0.003	False	sanct
legant	3	0.003	False	legant
aderant	3	0.003	False	aderant
judicibus	3	0.003	False	judic
gabr	3	0.003	False	gabr
nata	3	0.003	False	nat
gestarum	3	0.003	False	gest
perniciosa	3	0.003	False	pernicios
artibus	3	0.003	False	art
damnationis	3	0.003	False	damnation
cunctos	3	0.003	False	cunct
potestatis	3	0.003	False	potestat
donatistas	3	0.003	True	donatist
adfuisse	3	0.003	False	adfuiss
didicimus	3	0.003	False	didicim
absente	3	0.003	False	absent
convictus	3	0.003	False	convict
mortalem	3	0.003	False	mortal
ccccxii	3	0.003	True	ccccxi
triennio	3	0.003	False	trienni
paulini	3	0.003	True	paulin
traduce	3	0.003	False	traduc
nascuntur	3	0.003	False	nascuntur
neget	3	0.003	False	neget
praecepti	3	0.003	False	praecept
nascitur	3	0.003	False	nascitur
parvulorum	3	0.003	False	parvul
facundo	3	0.003	True	facund
remissione	3	0.003	False	remission
cogeret	3	0.003	False	cogeret
servet	3	0.003	False	servet
corrigi	3	0.003	False	corrig
surgere	3	0.003	False	surger
orandi	3	0.003	False	orand
occidere	3	0.003	False	occider
eluceat	3	0.003	False	eluceat
traxisse	3	0.003	False	traxiss
volui	3	0.003	False	volu
sciens	3	0.003	False	scien
loquendi	3	0.003	False	loquend
eustochium	3	0.003	False	eustoch
noxium	3	0.003	False	nox
conferre	3	0.003	False	conferr
industriae	3	0.003	False	industri
procem	3	0.003	False	proc
impassibilitatis	3	0.003	False	impassibilitat
vocibus	3	0.003	False	voc
celeri	3	0.003	False	celer
futurae	3	0.003	False	futur
beatitudini	3	0.003	False	beatitudin
putas	3	0.003	False	put
humilitatem	3	0.003	False	humilitat
habitationis	3	0.003	False	habitation
bethlehemi	3	0.003	True	bethlehem
adversum	3	0.003	False	advers
simplicium	3	0.003	False	simplic
laedere	3	0.003	False	laeder
seminare	3	0.003	False	seminar
compulsus	3	0.003	False	compuls
vicem	3	0.003	False	vic
magistrorum	3	0.003	False	magistr
calumnias	3	0.003	False	calumni
potuerint	3	0.003	False	potuerint
loqueris	3	0.003	False	loquer
tuorum	3	0.003	False	tu
cibum	3	0.003	False	cib
conciliabulum	3	0.003	False	conciliabul
jactant	3	0.003	False	jactant
ope	3	0.003	False	op
blasphemiam	3	0.003	False	blasphemi
explicanda	3	0.003	False	explicand
perire	3	0.003	False	perir
divitiis	3	0.003	False	diviti
ruga	3	0.003	False	rug
ccccxv	3	0.003	False	ccccxv
opusculis	3	0.003	False	opuscul
correctus	3	0.003	False	correct
veritus	3	0.003	False	verit
sectam	3	0.003	False	sect
perlatae	3	0.003	False	perlat
servire	3	0.003	False	servir
definitionibus	3	0.003	False	definition
patitur	3	0.003	False	patitur
recedere	3	0.003	False	receder
imperavit	3	0.003	False	imperavit
modis	3	0.003	False	mod
jubentur	3	0.003	False	jubentur
cavere	3	0.003	False	caver
morsibus	3	0.003	False	mor
tulisse	3	0.003	False	tuliss
naturaliter	3	0.003	False	naturaliter
alypius	3	0.003	True	alypi
julianam	3	0.003	True	julian
lapsu	3	0.003	False	lapsu
ostendere	3	0.003	False	ostender
generi	3	0.003	False	gener
cordibus	3	0.003	False	cord
damnandum	3	0.003	False	damnand
timasius	3	0.003	True	timasi
amplexi	3	0.003	False	amplex
putaverunt	3	0.003	False	putaverunt
venerabili	3	0.003	False	venerabil
invenitur	3	0.003	False	invenitur
propitio	3	0.003	False	propiti
salvos	3	0.003	False	salv
aperire	3	0.003	False	aperir
adesse	3	0.003	False	adess
vobiscum	3	0.003	False	vobisc
laicum	3	0.003	False	laic
prosecutus	3	0.003	False	prosecut
docendi	3	0.003	False	docend
sentiant	3	0.003	False	sentiant
audias	3	0.003	False	audi
dicentibus	3	0.003	False	dicent
contrario	3	0.003	False	contrari
criminis	3	0.003	False	crimin
blasphemiae	3	0.003	False	blasphemi
fraternitas	3	0.003	False	fraternit
ediderunt	3	0.003	False	ediderunt
studia	3	0.003	False	studi
facundia	3	0.003	False	facundi
colere	3	0.003	False	coler
poenitentiam	3	0.003	False	poenitenti
facultatem	3	0.003	False	facultat
venerabiles	3	0.003	False	venerabil
dederant	3	0.003	False	dederant
auditus	3	0.003	False	audit
eros	3	0.003	True	er
lazarus	3	0.003	True	lazar
pulsus	3	0.003	False	puls
adjutor	3	0.003	False	adjutor
peccatoribus	3	0.003	False	peccator
digne	3	0.003	False	dign
fraude	3	0.003	False	fraud
anathematizo	3	0.003	False	anathematiz
respondens	3	0.003	False	responden
vincimur	3	0.003	False	vincimur
adjuvare	3	0.003	False	adjuvar
unumquem	3	0.003	False	unumqu
unusquisque	3	0.003	False	unusqu
absolutum	3	0.003	False	absolut
hermianensis	3	0.003	True	hermianens
prolatam	3	0.003	False	prolat
judicaverunt	3	0.003	False	judicaverunt
senserit	3	0.003	False	senserit
facilitatem	3	0.003	False	facilitat
evasit	3	0.003	False	evasit
admonet	3	0.003	False	admonet
auditis	3	0.003	False	audit
sectatoribus	3	0.003	False	sectator
praecipuae	3	0.003	False	praecipu
perficere	3	0.003	False	perficer
senserat	3	0.003	False	senserat
apologetica	3	0.003	False	apologetic
statuimus	3	0.003	False	statuim
loquimur	3	0.003	False	loquimur
cogitare	3	0.003	False	cogitar
incitat	3	0.003	False	incitat
firmum	3	0.003	True	firm
studiosum	3	0.003	False	studios
numidiae	3	0.003	True	numidi
pervenissent	3	0.003	False	pervenissent
traditae	3	0.003	False	tradit
deliberatione	3	0.003	False	deliberation
decepti	3	0.003	False	decept
auferre	3	0.003	False	auferr
fallere	3	0.003	False	faller
alypio	3	0.003	True	alypi
misimus	3	0.003	False	misim
inventus	3	0.003	False	invent
ullius	3	0.003	False	ulli
purgatione	3	0.003	False	purgation
parere	3	0.003	False	parer
vigoris	3	0.003	False	vigor
recipi	3	0.003	False	recip
verius	3	0.003	False	veri
ccccxvii	3	0.003	False	ccccxvi
argumentis	3	0.003	False	argument
purgari	3	0.003	False	purgar
absolvi	3	0.003	False	absolv
sentit	3	0.003	False	sentit
valerii	3	0.003	True	valeri
obitus	3	0.003	False	obit
haeresiarchas	3	0.003	False	haeresiarch
pleniorem	3	0.003	False	plenior
hiberno	3	0.003	True	hibern
conferri	3	0.003	False	conferr
oportuit	3	0.003	False	oportuit
diutius	3	0.003	False	diuti
cognitionis	3	0.003	False	cognition
animorum	3	0.003	False	ani
praesenti	3	0.003	False	praesent
cognoscat	3	0.003	False	cognoscat
commissum	3	0.003	False	commiss
responsionibus	3	0.003	False	responsion
dubitare	3	0.003	False	dubitar
evangelicae	3	0.003	False	evangelic
querelas	3	0.003	False	querel
fuco	3	0.003	False	fuc
detexit	3	0.003	False	detexit
causae	3	0.003	False	caus
auctoritatem	3	0.003	False	auctoritat
factis	3	0.003	False	fact
carnem	3	0.003	False	carn
vitulum	3	0.003	False	vitul
parem	3	0.003	False	par
manifestius	3	0.003	False	manifesti
antesignanum	3	0.003	False	antesignan
damnationem	3	0.003	False	damnation
fugisse	3	0.003	False	fugiss
superior	3	0.003	False	superior
nescit	3	0.003	False	nescit
habitans	3	0.003	False	habitan
ambigua	3	0.003	False	ambigu
augustis	3	0.003	False	august
junius	3	0.003	True	juni
historicis	3	0.003	False	historic
versutiam	3	0.003	False	versuti
principium	3	0.003	False	princip
muneris	3	0.003	False	muner
putaretur	3	0.003	False	putaretur
refutat	3	0.003	False	refutat
festina	3	0.003	False	festin
oportet	3	0.003	False	oportet
credulitatis	3	0.003	False	credulitat
tramite	3	0.003	False	tramit
versipellis	3	0.003	False	versipell
parens	3	0.003	False	paren
aevum	3	0.003	False	aev
pulsis	3	0.003	False	puls
errori	3	0.003	False	error
ignorare	3	0.003	False	ignorar
edicti	3	0.003	False	edict
propositi	3	0.003	True	proposit
sinistrae	3	0.003	False	sinistr
persuasionis	3	0.003	False	persuasion
personae	3	0.003	False	person
disputatione	3	0.003	False	disputation
subscriptiones	3	0.003	False	subscription
recentes	3	0.003	False	recent
trahere	3	0.003	False	traher
intelligatur	3	0.003	False	intelligatur
potestis	3	0.003	False	potest
fidelis	3	0.003	False	fidel
salomonis	3	0.003	True	salomon
possid	3	0.003	False	possid
notissimum	3	0.003	False	notissim
inimicorum	3	0.003	False	inimic
instinctu	3	0.003	False	instinctu
universas	3	0.003	False	univers
aguntur	3	0.003	False	aguntur
sixtus	3	0.003	True	sixt
apertius	3	0.003	False	aperti
pura	3	0.003	False	pur
pastorali	3	0.003	False	pastoral
aperto	3	0.003	False	apert
discat	3	0.003	False	discat
debitum	3	0.003	False	debit
melaniae	3	0.003	False	melani
scripserant	3	0.003	False	scripserant
aniano	3	0.003	True	anian
egimus	3	0.003	False	egim
nupt	3	0.003	False	nupt
campanus	3	0.003	True	campan
ducit	3	0.003	False	ducit
dimidio	3	0.003	False	dimidi
cantic	3	0.003	True	cantic
amplecti	3	0.003	False	amplect
orthodoxis	3	0.003	False	orthodox
constantiam	3	0.003	False	constanti
contumelias	3	0.003	False	contumeli
exitium	3	0.003	False	exit
honoris	3	0.003	False	honor
conditorem	3	0.003	False	conditor
pelagianus	3	0.003	True	pelagian
sanam	3	0.003	False	san
cogantur	3	0.003	False	cogantur
condere	3	0.003	False	conder
dicentes	3	0.003	False	dicent
exegisse	3	0.003	False	exegiss
heb	3	0.003	False	heb
talium	3	0.003	False	tal
tueri	3	0.003	False	tuer
junias	3	0.003	True	juni
latam	3	0.003	False	lat
reprimendis	3	0.003	False	reprimend
adjuncta	3	0.003	False	adjunct
persuasione	3	0.003	False	persuasion
coegit	3	0.003	False	coegit
plinta	3	0.003	True	plint
tractum	3	0.003	False	tract
dilectio	3	0.003	False	dilecti
agebant	3	0.003	False	agebant
terrore	3	0.003	False	terror
institutas	3	0.003	False	institut
atticus	3	0.003	True	attic
attico	3	0.003	True	attic
damnatam	3	0.003	False	damnat
linguas	3	0.003	False	lingu
volusiano	3	0.003	True	volusian
quotidianis	3	0.003	False	quotidian
centesimum	3	0.003	False	centesim
lapidem	3	0.003	False	lapid
aeternae	3	0.003	False	aetern
incurrere	3	0.003	False	incurrer
disciplina	3	0.003	False	disciplin
repetita	3	0.003	False	repetit
infirmitate	3	0.003	False	infirmitat
ornatum	3	0.003	False	ornat
hostem	3	0.003	False	host
gradum	3	0.003	False	grad
praeventus	3	0.003	False	praevent
dubia	3	0.003	False	dubi
semipelagianismi	3	0.003	True	semipelagianism
seminibus	3	0.003	False	semin
leporio	3	0.003	True	lepori
ephesino	3	0.003	True	ephesin
chartulis	3	0.003	False	chartul
ponderis	3	0.003	False	ponder
vim	3	0.003	False	vi
benignitas	3	0.003	False	benignit
conatu	3	0.003	False	conatu
iniquitatis	3	0.003	False	iniquitat
haeresibus	3	0.003	False	haer
pelagianismi	3	0.003	True	pelagianism
animis	3	0.003	False	anim
disputandi	3	0.003	False	disputand
talem	3	0.003	False	tal
gallicanae	3	0.003	True	gallican
sponte	3	0.003	False	spont
dabit	3	0.003	False	dabit
fructum	3	0.003	False	fruct
principiis	3	0.003	False	principi
fastidius	3	0.003	False	fastidi
fatalem	3	0.003	True	fatal
viduitate	3	0.003	False	viduitat
ccccxxviii	3	0.003	True	ccccxxvii
gemblacensi	3	0.003	False	gemblacens
timotheanorum	3	0.003	True	timothean
impietatem	3	0.003	False	impietat
caro	3	0.003	False	car
religiosae	3	0.003	False	religios
lovanienses	3	0.003	True	lovaniens
nestoriana	3	0.003	False	nestorian
intellectum	3	0.003	False	intellect
claudius	3	0.003	True	claudi
felice	3	0.003	False	felic
spiritalis	3	0.003	False	spirital
du	3	0.003	False	du
preces	3	0.003	False	prec
emendaret	3	0.003	False	emendaret
emendatione	3	0.003	False	emendation
massiliensi	3	0.003	True	massiliens
conciliare	3	0.003	False	conciliar
gallicana	3	0.003	True	gallican
lirinensem	3	0.003	True	lirinens
lirinensi	3	0.003	True	lirinens
biennii	3	0.003	False	bienni
extremo	3	0.003	False	extrem
elogio	3	0.003	False	elogi
copioso	3	0.003	False	copios
cunctorum	3	0.003	False	cunct
apparebat	3	0.003	False	apparebat
celeritatem	3	0.003	False	celeritat
maturantes	3	0.003	False	maturant
evecto	3	0.003	False	evect
terribiles	3	0.003	False	terribil
multitudinis	3	0.003	False	multitudin
flammis	3	0.003	False	flamm
pares	3	0.003	False	par
depositis	3	0.003	False	deposit
servato	3	0.003	False	servat
saussaius	3	0.003	True	saussai
altissiodorensis	3	0.003	True	altissiodorens
pauci	3	0.003	False	pauc
jumentis	3	0.003	False	jument
annexa	3	0.003	False	annex
curis	3	0.003	False	cur
junctis	3	0.003	False	junct
certatim	3	0.003	False	certati
praesidio	3	0.003	False	praesidi
praelii	3	0.003	False	praeli
vallem	3	0.003	False	vall
praecipites	3	0.003	False	praecipit
moliuntur	3	0.003	False	moliuntur
perduxit	3	0.003	False	perduxit
authoritatis	3	0.003	False	authoritat
vortigernus	3	0.003	True	vortigern
carolus	3	0.003	True	carol
sigonius	3	0.003	True	sigoni
retenta	3	0.003	False	retent
claudianus	3	0.003	True	claudian
crebras	3	0.003	False	crebr
advehitur	3	0.003	False	advehitur
vortimero	3	0.003	True	vortimer
vortimeri	3	0.003	True	vortimer
deseruisse	3	0.003	False	deseruiss
laborasse	3	0.003	False	laborass
scholastici	3	0.003	False	scholastic
adduxerunt	3	0.003	False	adduxerunt
swithunus	3	0.003	True	swithun
oxoniae	3	0.003	True	oxoni
adduxit	3	0.003	False	adduxit
querimonia	3	0.003	False	querimoni
oxoniam	3	0.003	True	oxoni
grymbaldus	3	0.003	True	grymbald
ordines	3	0.003	False	ordin
sancita	3	0.003	False	sancit
advenisse	3	0.003	False	adveniss
ferens	3	0.003	False	feren
wintoniam	3	0.003	True	wintoni
optimum	3	0.003	False	optim
universitatis	3	0.003	False	universitat
cassiodori	3	0.003	True	cassiodor
vocatione	3	0.003	False	vocation
emendare	3	0.003	False	emendar
thes	3	0.003	False	th
putamus	3	0.003	False	putam
superstite	3	0.003	False	superstit
zizania	3	0.003	False	zizani
massiliensibus	3	0.003	True	massilien
objectionum	3	0.003	False	objection
fulgentius	3	0.003	True	fulgenti
assertione	3	0.003	False	assertion
praedestinatos	3	0.003	False	praedestinat
maxentius	3	0.003	True	maxenti
novisse	3	0.003	False	noviss
quiddam	3	0.003	False	quidd
conveniunt	3	0.003	False	conveniunt
intelligentiae	3	0.003	False	intelligenti
nestorii	3	0.003	True	nestori
venerat	3	0.003	False	venerat
ephesina	3	0.003	True	ephesin
oecumenica	3	0.003	False	oecumenic
privatim	3	0.003	False	privati
firma	3	0.003	False	firm
forojuliensem	3	0.003	True	forojuliens
gaudemus	3	0.003	False	gaudem
finis	3	0.003	False	fin
ducere	3	0.003	False	ducer
oritur	3	0.003	False	oritur
abundantia	3	0.003	False	abundanti
coloni	3	0.003	False	colon
ducti	3	0.003	False	duct
miserorum	3	0.003	False	miser
docuimus	3	0.003	False	docuim
malignitas	3	0.003	False	malignit
ductu	3	0.003	False	ductu
pulsi	3	0.003	False	puls
custodia	3	0.003	False	custodi
administrante	3	0.003	False	administrant
apostolico	3	0.003	False	apostolic
positis	3	0.003	False	posit
famem	3	0.003	False	fam
geticis	3	0.003	False	getic
copiis	3	0.003	False	copi
renascentem	3	0.003	False	renascent
jocelin	3	0.003	False	jocelin
laudabiliter	3	0.003	False	laudabiliter
neve	3	0.003	False	nev
meritorum	3	0.003	False	merit
incipiunt	3	0.003	False	incipiunt
miseros	3	0.003	False	miser
uthero	3	0.003	True	uther
praedicabat	3	0.003	False	praedicabat
veniunt	3	0.003	False	veniunt
guorthigirno	3	0.003	True	guorthigirn
vurtigerno	3	0.003	True	vurtigern
crebris	3	0.003	False	crebr
mittuntur	3	0.003	False	mittuntur
ciulas	3	0.003	False	ciul
bremensis	3	0.003	True	bremens
deductae	3	0.003	False	deduct
daniae	3	0.003	True	dani
materno	3	0.003	False	matern
indigenas	3	0.003	False	indigen
freti	3	0.003	False	fret
ethelwerdi	3	0.003	True	ethelwerd
marcianus	3	0.003	True	marcian
ostia	3	0.003	False	osti
eginhardus	3	0.003	True	eginhard
australium	3	0.003	False	austral
terminus	3	0.003	False	termin
lambardus	3	0.003	True	lambard
deirorum	3	0.003	True	deir
porrigebatur	3	0.003	False	porrigebatur
bernicia	3	0.003	False	bernici
proxima	3	0.003	False	proxim
frisior	3	0.003	False	frisior
appellari	3	0.003	False	appellar
suffridus	3	0.003	True	suffrid
septimi	3	0.003	False	septim
vetgisti	3	0.003	True	vetgist
vorper	3	0.003	False	vorper
kemp	3	0.003	False	kemp
senex	3	0.003	False	senex
emmius	3	0.003	True	emmi
frisonibus	3	0.003	True	frison
maritimam	3	0.003	False	maritim
quados	3	0.003	True	quad
deditionem	3	0.003	False	dedition
procopii	3	0.003	True	procopi
disertis	3	0.003	False	disert
badonico	3	0.003	True	badonic
occidisse	3	0.003	False	occidiss
tauri	3	0.003	True	taur
tironis	3	0.003	True	tiron
turon	3	0.003	False	turon
guortigirni	3	0.003	True	guortigirn
cccci	3	0.003	True	cccc
geminorum	3	0.003	False	gemin
mervini	3	0.003	True	mervin
lancarvan	3	0.003	True	lancarvan
recensens	3	0.003	False	recensen
simili	3	0.003	False	simil
barbariae	3	0.003	False	barbari
invitante	3	0.003	False	invitant
fortiter	3	0.003	False	fortiter
ignaviae	3	0.003	False	ignavi
lapsus	3	0.003	False	laps
campo	3	0.003	False	camp
hors	3	0.003	True	hor
horso	3	0.003	True	hors
cccclvi	3	0.003	True	cccclv
resistere	3	0.003	False	resister
guorthemir	3	0.003	True	guorthemir
cccclxi	3	0.003	True	cccclx
audito	3	0.003	False	audit
vortimerii	3	0.003	True	vortimeri
saxa	3	0.003	False	sax
confluebant	3	0.003	False	confluebant
leidens	3	0.003	False	leiden
advenas	3	0.003	False	adven
altaria	3	0.003	False	altari
frusta	3	0.003	False	frust
albione	3	0.003	True	albion
cccclxii	3	0.003	True	cccclxi
petebant	3	0.003	False	petebant
albanio	3	0.003	True	albani
cadoco	3	0.003	True	cadoc
severinus	3	0.003	True	severin
binius	3	0.003	True	bini
faust	3	0.003	False	faust
salus	3	0.003	False	sal
fulgentio	3	0.003	True	fulgenti
comprehensa	3	0.003	False	comprehens
leontii	3	0.003	False	leonti
columbani	3	0.003	True	columban
posito	3	0.003	False	posit
rosina	3	0.003	True	rosin
rubus	3	0.003	True	rub
indutis	3	0.003	False	indut
superfuerat	3	0.003	False	superfuerat
gigantum	3	0.003	False	gigant
gelasium	3	0.003	True	gel
circumcelliones	3	0.003	True	circumcellion
gundleus	3	0.003	False	gundle
sublimatus	3	0.003	False	sublimat
cadocum	3	0.003	True	cadoc
badonis	3	0.003	True	badon
